<mesh>
    <submeshes>
        <submesh material="Epic" usesharedvertices="false" use32bitindexes="false" operationtype="triangle_list">
            <faces count="56">
                <face v1="0" v2="1" v3="2"/>
                <face v1="3" v2="4" v3="5"/>
                <face v1="6" v2="7" v3="8"/>
                <face v1="9" v2="10" v3="11"/>
                <face v1="12" v2="13" v3="14"/>
                <face v1="15" v2="16" v3="17"/>
                <face v1="18" v2="19" v3="20"/>
                <face v1="21" v2="22" v3="23"/>
                <face v1="24" v2="25" v3="26"/>
                <face v1="27" v2="28" v3="29"/>
                <face v1="30" v2="31" v3="32"/>
                <face v1="33" v2="34" v3="35"/>
                <face v1="36" v2="37" v3="38"/>
                <face v1="39" v2="40" v3="41"/>
                <face v1="42" v2="43" v3="44"/>
                <face v1="45" v2="46" v3="47"/>
                <face v1="48" v2="49" v3="50"/>
                <face v1="51" v2="52" v3="53"/>
                <face v1="54" v2="55" v3="56"/>
                <face v1="57" v2="58" v3="59"/>
                <face v1="60" v2="61" v3="62"/>
                <face v1="63" v2="64" v3="65"/>
                <face v1="66" v2="67" v3="68"/>
                <face v1="69" v2="70" v3="71"/>
                <face v1="72" v2="73" v3="74"/>
                <face v1="75" v2="76" v3="77"/>
                <face v1="78" v2="79" v3="80"/>
                <face v1="81" v2="82" v3="83"/>
                <face v1="84" v2="85" v3="86"/>
                <face v1="87" v2="88" v3="89"/>
                <face v1="90" v2="91" v3="92"/>
                <face v1="93" v2="94" v3="95"/>
                <face v1="96" v2="97" v3="98"/>
                <face v1="99" v2="100" v3="101"/>
                <face v1="102" v2="103" v3="104"/>
                <face v1="105" v2="106" v3="107"/>
                <face v1="108" v2="109" v3="110"/>
                <face v1="111" v2="112" v3="113"/>
                <face v1="114" v2="115" v3="116"/>
                <face v1="117" v2="118" v3="119"/>
                <face v1="120" v2="121" v3="122"/>
                <face v1="123" v2="124" v3="125"/>
                <face v1="126" v2="127" v3="128"/>
                <face v1="129" v2="130" v3="131"/>
                <face v1="132" v2="133" v3="134"/>
                <face v1="135" v2="136" v3="137"/>
                <face v1="138" v2="139" v3="140"/>
                <face v1="141" v2="142" v3="143"/>
                <face v1="144" v2="145" v3="146"/>
                <face v1="147" v2="148" v3="149"/>
                <face v1="150" v2="151" v3="152"/>
                <face v1="153" v2="154" v3="155"/>
                <face v1="156" v2="157" v3="158"/>
                <face v1="159" v2="160" v3="161"/>
                <face v1="162" v2="163" v3="164"/>
                <face v1="165" v2="166" v3="167"/>
            </faces>
            <geometry vertexcount="168">
                <vertexbuffer positions="true" normals="true" texture_coord_dimensions_0="float2" tangents="true" binormals="true" texture_coords="1">
                    <vertex>
                        <position x="-0.5" y="-0.5" z="-0.5"/>
                        <normal x="-1" y="-3.97338e-008" z="-1.8279e-007"/>
                        <texcoord u="0.804694" v="0.546833"/>
                        <tangent x="9.84424e-008" y="0.719131" z="-0.694874"/>
                        <binormal x="-1.5906e-007" y="0.694874" z="0.719131"/>
                    </vertex>
                    <vertex>
                        <position x="-0.5" y="-0.5" z="-0.25"/>
                        <normal x="-1" y="-1.6689e-007" z="-8.74228e-008"/>
                        <texcoord u="0.742256" v="0.603612"/>
                        <tangent x="-5.92682e-008" y="0.719131" z="-0.694874"/>
                        <binormal x="-1.78836e-007" y="0.694874" z="0.719131"/>
                    </vertex>
                    <vertex>
                        <position x="-0.5" y="0.25" z="0.5"/>
                        <normal x="-1" y="-3.97338e-008" z="-1.8279e-007"/>
                        <texcoord u="0.742255" v="0.938541"/>
                        <tangent x="9.84424e-008" y="0.719131" z="-0.694874"/>
                        <binormal x="-1.5906e-007" y="0.694874" z="0.719131"/>
                    </vertex>
                    <vertex>
                        <position x="-0.5" y="0.25" z="0.5"/>
                        <normal x="-1" y="-3.97338e-008" z="-1.8279e-007"/>
                        <texcoord u="0.742255" v="0.938541"/>
                        <tangent x="9.53099e-008" y="0.732596" z="-0.680664"/>
                        <binormal x="-1.60957e-007" y="0.680664" z="0.732596"/>
                    </vertex>
                    <vertex>
                        <position x="-0.5" y="0.5" z="0.5"/>
                        <normal x="-1" y="8.74227e-008" z="-2.78158e-007"/>
                        <texcoord u="0.804694" v="0.992161"/>
                        <tangent x="2.53377e-007" y="0.732596" z="-0.680664"/>
                        <binormal x="-1.44272e-007" y="0.680664" z="0.732596"/>
                    </vertex>
                    <vertex>
                        <position x="-0.5" y="-0.5" z="-0.5"/>
                        <normal x="-1" y="-3.97338e-008" z="-1.8279e-007"/>
                        <texcoord u="0.804694" v="0.546833"/>
                        <tangent x="9.53099e-008" y="0.732596" z="-0.680664"/>
                        <binormal x="-1.60957e-007" y="0.680664" z="0.732596"/>
                    </vertex>
                    <vertex>
                        <position x="-0.5" y="-0.5" z="-0.25"/>
                        <normal x="1.9868e-007" y="-1" z="1.50996e-007"/>
                        <texcoord u="0.411377" v="0.163996"/>
                        <tangent x="-1" y="-1.9868e-007" z="-3.60792e-007"/>
                        <binormal x="-3.60792e-007" y="1.50996e-007" z="1"/>
                    </vertex>
                    <vertex>
                        <position x="-0.5" y="-0.5" z="-0.5"/>
                        <normal x="1.9868e-007" y="-1" z="1.50996e-007"/>
                        <texcoord u="0.411377" v="0.265596"/>
                        <tangent x="-1" y="-1.9868e-007" z="-3.60792e-007"/>
                        <binormal x="-3.60793e-007" y="1.50996e-007" z="1"/>
                    </vertex>
                    <vertex>
                        <position x="0.5" y="-0.5" z="-0.5"/>
                        <normal x="1.9868e-007" y="-1" z="1.50996e-007"/>
                        <texcoord u="0.00783713" v="0.265596"/>
                        <tangent x="-1" y="-1.9868e-007" z="-3.60793e-007"/>
                        <binormal x="-3.60793e-007" y="1.50996e-007" z="1"/>
                    </vertex>
                    <vertex>
                        <position x="0.5" y="-0.5" z="-0.5"/>
                        <normal x="1.9868e-007" y="-1" z="1.50996e-007"/>
                        <texcoord u="0.00783713" v="0.265596"/>
                        <tangent x="-1" y="-1.9868e-007" z="-3.60792e-007"/>
                        <binormal x="-3.60793e-007" y="1.50996e-007" z="1"/>
                    </vertex>
                    <vertex>
                        <position x="0.5" y="-0.5" z="-0.25"/>
                        <normal x="1.9868e-007" y="-1" z="1.50996e-007"/>
                        <texcoord u="0.00783713" v="0.163996"/>
                        <tangent x="-1" y="-1.9868e-007" z="-3.60792e-007"/>
                        <binormal x="-3.60793e-007" y="1.50996e-007" z="1"/>
                    </vertex>
                    <vertex>
                        <position x="-0.5" y="-0.5" z="-0.25"/>
                        <normal x="1.9868e-007" y="-1" z="1.50996e-007"/>
                        <texcoord u="0.411377" v="0.163996"/>
                        <tangent x="-1" y="-1.9868e-007" z="-3.60792e-007"/>
                        <binormal x="-3.60793e-007" y="1.50996e-007" z="1"/>
                    </vertex>
                    <vertex>
                        <position x="0.5" y="-0.5" z="-0.25"/>
                        <normal x="1" y="1.03312e-007" z="8.74228e-008"/>
                        <texcoord u="0.742255" v="0.603612"/>
                        <tangent x="-1.39295e-008" y="0.721102" z="-0.692829"/>
                        <binormal x="1.34618e-007" y="-0.692829" z="-0.721102"/>
                    </vertex>
                    <vertex>
                        <position x="0.5" y="-0.5" z="-0.5"/>
                        <normal x="1" y="1.03312e-007" z="8.74228e-008"/>
                        <texcoord u="0.804693" v="0.546833"/>
                        <tangent x="-1.39295e-008" y="0.721102" z="-0.692829"/>
                        <binormal x="1.34618e-007" y="-0.692829" z="-0.721102"/>
                    </vertex>
                    <vertex>
                        <position x="0.5" y="0.5" z="0.5"/>
                        <normal x="1" y="1.03312e-007" z="8.74228e-008"/>
                        <texcoord u="0.804694" v="0.992161"/>
                        <tangent x="-1.39295e-008" y="0.721102" z="-0.692829"/>
                        <binormal x="1.34618e-007" y="-0.692829" z="-0.721102"/>
                    </vertex>
                    <vertex>
                        <position x="0.5" y="0.5" z="0.5"/>
                        <normal x="1" y="-8.74227e-008" z="3.41736e-007"/>
                        <texcoord u="0.804694" v="0.992161"/>
                        <tangent x="2.96144e-007" y="0.734405" z="-0.678712"/>
                        <binormal x="1.91638e-007" y="-0.678712" z="-0.734405"/>
                    </vertex>
                    <vertex>
                        <position x="0.5" y="0.25" z="0.5"/>
                        <normal x="1" y="-8.74227e-008" z="3.41736e-007"/>
                        <texcoord u="0.742255" v="0.93854"/>
                        <tangent x="2.96144e-007" y="0.734405" z="-0.678712"/>
                        <binormal x="1.91638e-007" y="-0.678712" z="-0.734405"/>
                    </vertex>
                    <vertex>
                        <position x="0.5" y="-0.5" z="-0.25"/>
                        <normal x="1" y="-8.74227e-008" z="3.41736e-007"/>
                        <texcoord u="0.742255" v="0.603612"/>
                        <tangent x="2.96144e-007" y="0.734405" z="-0.678712"/>
                        <binormal x="1.91638e-007" y="-0.678712" z="-0.734405"/>
                    </vertex>
                    <vertex>
                        <position x="-0.5" y="0.5" z="0.5"/>
                        <normal x="-3.73525e-007" y="3.41731e-007" z="1"/>
                        <texcoord u="0.411377" v="0.265597"/>
                        <tangent x="-1" y="-2.40528e-007" z="-3.73525e-007"/>
                        <binormal x="-2.40528e-007" y="1" z="-3.41731e-007"/>
                    </vertex>
                    <vertex>
                        <position x="-0.5" y="0.25" z="0.5"/>
                        <normal x="-3.73525e-007" y="3.41731e-007" z="1"/>
                        <texcoord u="0.411377" v="0.163997"/>
                        <tangent x="-1" y="-2.40528e-007" z="-3.73525e-007"/>
                        <binormal x="-2.40528e-007" y="1" z="-3.41731e-007"/>
                    </vertex>
                    <vertex>
                        <position x="0.5" y="0.25" z="0.5"/>
                        <normal x="-3.73525e-007" y="3.41731e-007" z="1"/>
                        <texcoord u="0.00783713" v="0.163997"/>
                        <tangent x="-1" y="-2.40528e-007" z="-3.73525e-007"/>
                        <binormal x="-2.40528e-007" y="1" z="-3.41731e-007"/>
                    </vertex>
                    <vertex>
                        <position x="0.5" y="0.25" z="0.5"/>
                        <normal x="-3.73525e-007" y="3.41731e-007" z="1"/>
                        <texcoord u="0.00783713" v="0.163997"/>
                        <tangent x="-1" y="-2.16475e-007" z="-3.73525e-007"/>
                        <binormal x="-2.16475e-007" y="1" z="-3.41731e-007"/>
                    </vertex>
                    <vertex>
                        <position x="0.5" y="0.5" z="0.5"/>
                        <normal x="-3.73525e-007" y="3.41731e-007" z="1"/>
                        <texcoord u="0.00783713" v="0.265597"/>
                        <tangent x="-1" y="-2.16475e-007" z="-3.73525e-007"/>
                        <binormal x="-2.16475e-007" y="1" z="-3.41731e-007"/>
                    </vertex>
                    <vertex>
                        <position x="-0.5" y="0.5" z="0.5"/>
                        <normal x="-3.73525e-007" y="3.41731e-007" z="1"/>
                        <texcoord u="0.411377" v="0.265597"/>
                        <tangent x="-1" y="-2.16475e-007" z="-3.73525e-007"/>
                        <binormal x="-2.16475e-007" y="1" z="-3.41731e-007"/>
                    </vertex>
                    <vertex>
                        <position x="0.5" y="-0.5" z="-0.5"/>
                        <normal x="1.23634e-007" y="0.707107" z="-0.707106"/>
                        <texcoord u="0.00783713" v="0.265596"/>
                        <tangent x="-1" y="-1.80798e-007" z="-3.55644e-007"/>
                        <binormal x="3.79322e-007" y="-0.707106" z="-0.707107"/>
                    </vertex>
                    <vertex>
                        <position x="-0.5" y="-0.5" z="-0.5"/>
                        <normal x="1.23634e-007" y="0.707107" z="-0.707106"/>
                        <texcoord u="0.411377" v="0.265596"/>
                        <tangent x="-1" y="-1.80798e-007" z="-3.55644e-007"/>
                        <binormal x="3.79322e-007" y="-0.707106" z="-0.707107"/>
                    </vertex>
                    <vertex>
                        <position x="-0.45" y="-0.464645" z="-0.464645"/>
                        <normal x="1.23634e-007" y="0.707107" z="-0.707106"/>
                        <texcoord u="0.3912" v="0.289128"/>
                        <tangent x="-1" y="-1.80798e-007" z="-3.55644e-007"/>
                        <binormal x="3.79322e-007" y="-0.707106" z="-0.707107"/>
                    </vertex>
                    <vertex>
                        <position x="-0.45" y="-0.464645" z="-0.464645"/>
                        <normal x="8.61706e-008" y="0.707107" z="-0.707107"/>
                        <texcoord u="0.3912" v="0.289128"/>
                        <tangent x="-1" y="-2.53648e-007" z="-3.75512e-007"/>
                        <binormal x="4.44883e-007" y="-0.707107" z="-0.707107"/>
                    </vertex>
                    <vertex>
                        <position x="0.45" y="-0.464645" z="-0.464644"/>
                        <normal x="8.61706e-008" y="0.707107" z="-0.707107"/>
                        <texcoord u="0.0280141" v="0.289128"/>
                        <tangent x="-1" y="-2.53648e-007" z="-3.75512e-007"/>
                        <binormal x="4.44883e-007" y="-0.707107" z="-0.707107"/>
                    </vertex>
                    <vertex>
                        <position x="0.5" y="-0.5" z="-0.5"/>
                        <normal x="8.61706e-008" y="0.707107" z="-0.707107"/>
                        <texcoord u="0.00783713" v="0.265596"/>
                        <tangent x="-1" y="-2.53648e-007" z="-3.75512e-007"/>
                        <binormal x="4.44883e-007" y="-0.707107" z="-0.707107"/>
                    </vertex>
                    <vertex>
                        <position x="-0.5" y="-0.5" z="-0.5"/>
                        <normal x="7.30549e-007" y="0.707107" z="-0.707107"/>
                        <texcoord u="0.804694" v="0.546833"/>
                        <tangent x="1" y="5.77978e-006" z="6.81293e-006"/>
                        <binormal x="-8.90438e-006" y="0.707107" z="0.707107"/>
                    </vertex>
                    <vertex>
                        <position x="-0.5" y="0.5" z="0.5"/>
                        <normal x="7.30549e-007" y="0.707107" z="-0.707107"/>
                        <texcoord u="0.804694" v="0.992161"/>
                        <tangent x="1" y="5.77978e-006" z="6.81293e-006"/>
                        <binormal x="-8.90438e-006" y="0.707107" z="0.707107"/>
                    </vertex>
                    <vertex>
                        <position x="-0.45" y="0.464644" z="0.464644"/>
                        <normal x="7.30549e-007" y="0.707107" z="-0.707107"/>
                        <texcoord u="0.828273" v="0.976416"/>
                        <tangent x="1" y="5.77977e-006" z="6.81293e-006"/>
                        <binormal x="-8.90438e-006" y="0.707107" z="0.707107"/>
                    </vertex>
                    <vertex>
                        <position x="-0.45" y="0.464644" z="0.464644"/>
                        <normal x="8.49296e-007" y="0.707107" z="-0.707107"/>
                        <texcoord u="0.828273" v="0.976416"/>
                        <tangent x="1" y="-2.39869e-005" z="-2.27858e-005"/>
                        <binormal x="3.30733e-005" y="0.707107" z="0.707107"/>
                    </vertex>
                    <vertex>
                        <position x="-0.45" y="-0.464645" z="-0.464645"/>
                        <normal x="8.49296e-007" y="0.707107" z="-0.707107"/>
                        <texcoord u="0.828273" v="0.562578"/>
                        <tangent x="1" y="-2.39869e-005" z="-2.27858e-005"/>
                        <binormal x="3.30733e-005" y="0.707107" z="0.707107"/>
                    </vertex>
                    <vertex>
                        <position x="-0.5" y="-0.5" z="-0.5"/>
                        <normal x="8.49296e-007" y="0.707107" z="-0.707107"/>
                        <texcoord u="0.804694" v="0.546833"/>
                        <tangent x="1" y="-2.39869e-005" z="-2.27858e-005"/>
                        <binormal x="3.30733e-005" y="0.707107" z="0.707107"/>
                    </vertex>
                    <vertex>
                        <position x="-0.5" y="0.5" z="0.5"/>
                        <normal x="1.23634e-007" y="0.707107" z="-0.707107"/>
                        <texcoord u="0.411377" v="0.265597"/>
                        <tangent x="-1" y="-1.95699e-007" z="-3.70545e-007"/>
                        <binormal x="4.00395e-007" y="-0.707107" z="-0.707107"/>
                    </vertex>
                    <vertex>
                        <position x="0.5" y="0.5" z="0.5"/>
                        <normal x="1.23634e-007" y="0.707107" z="-0.707107"/>
                        <texcoord u="0.00783713" v="0.265597"/>
                        <tangent x="-1" y="-1.95699e-007" z="-3.70545e-007"/>
                        <binormal x="4.00395e-007" y="-0.707107" z="-0.707107"/>
                    </vertex>
                    <vertex>
                        <position x="0.45" y="0.464645" z="0.464645"/>
                        <normal x="1.23634e-007" y="0.707107" z="-0.707107"/>
                        <texcoord u="0.0280141" v="0.289128"/>
                        <tangent x="-1" y="-1.95699e-007" z="-3.70545e-007"/>
                        <binormal x="4.00395e-007" y="-0.707107" z="-0.707107"/>
                    </vertex>
                    <vertex>
                        <position x="0.45" y="0.464645" z="0.464645"/>
                        <normal x="8.61709e-008" y="0.707106" z="-0.707107"/>
                        <texcoord u="0.0280141" v="0.289128"/>
                        <tangent x="-1" y="-2.37091e-007" z="-3.58955e-007"/>
                        <binormal x="4.21468e-007" y="-0.707107" z="-0.707106"/>
                    </vertex>
                    <vertex>
                        <position x="-0.45" y="0.464644" z="0.464644"/>
                        <normal x="8.61709e-008" y="0.707106" z="-0.707107"/>
                        <texcoord u="0.3912" v="0.289128"/>
                        <tangent x="-1" y="-2.37091e-007" z="-3.58955e-007"/>
                        <binormal x="4.21468e-007" y="-0.707107" z="-0.707106"/>
                    </vertex>
                    <vertex>
                        <position x="-0.5" y="0.5" z="0.5"/>
                        <normal x="8.61709e-008" y="0.707106" z="-0.707107"/>
                        <texcoord u="0.411377" v="0.265597"/>
                        <tangent x="-1" y="-2.37092e-007" z="-3.58955e-007"/>
                        <binormal x="4.21468e-007" y="-0.707107" z="-0.707106"/>
                    </vertex>
                    <vertex>
                        <position x="0.5" y="0.5" z="0.5"/>
                        <normal x="5.61995e-008" y="0.707107" z="-0.707107"/>
                        <texcoord u="0.804694" v="0.992161"/>
                        <tangent x="-1" y="-2.42463e-005" z="-2.43258e-005"/>
                        <binormal x="3.43456e-005" y="-0.707107" z="-0.707107"/>
                    </vertex>
                    <vertex>
                        <position x="0.5" y="-0.5" z="-0.5"/>
                        <normal x="5.61995e-008" y="0.707107" z="-0.707107"/>
                        <texcoord u="0.804693" v="0.546833"/>
                        <tangent x="-1" y="-2.42463e-005" z="-2.43258e-005"/>
                        <binormal x="3.43457e-005" y="-0.707107" z="-0.707107"/>
                    </vertex>
                    <vertex>
                        <position x="0.45" y="-0.464645" z="-0.464644"/>
                        <normal x="5.61995e-008" y="0.707107" z="-0.707107"/>
                        <texcoord u="0.828273" v="0.562578"/>
                        <tangent x="-1" y="-2.42463e-005" z="-2.43258e-005"/>
                        <binormal x="3.43456e-005" y="-0.707107" z="-0.707107"/>
                    </vertex>
                    <vertex>
                        <position x="0.45" y="-0.464645" z="-0.464644"/>
                        <normal x="1.59918e-007" y="0.707107" z="-0.707107"/>
                        <texcoord u="0.828273" v="0.562578"/>
                        <tangent x="-1" y="-1.96756e-005" z="-1.99017e-005"/>
                        <binormal x="2.79854e-005" y="-0.707107" z="-0.707107"/>
                    </vertex>
                    <vertex>
                        <position x="0.45" y="0.464645" z="0.464645"/>
                        <normal x="1.59918e-007" y="0.707107" z="-0.707107"/>
                        <texcoord u="0.828273" v="0.976416"/>
                        <tangent x="-1" y="-1.96756e-005" z="-1.99017e-005"/>
                        <binormal x="2.79854e-005" y="-0.707107" z="-0.707107"/>
                    </vertex>
                    <vertex>
                        <position x="0.5" y="0.5" z="0.5"/>
                        <normal x="1.59918e-007" y="0.707107" z="-0.707107"/>
                        <texcoord u="0.804694" v="0.992161"/>
                        <tangent x="-1" y="-1.96756e-005" z="-1.99017e-005"/>
                        <binormal x="2.79854e-005" y="-0.707107" z="-0.707107"/>
                    </vertex>
                    <vertex>
                        <position x="-0.5" y="-0.5" z="-0.25"/>
                        <normal x="-1.06776e-007" y="-0.707106" z="0.707107"/>
                        <texcoord u="0.411377" v="0.163996"/>
                        <tangent x="-1" y="-2.15071e-007" z="-3.66074e-007"/>
                        <binormal x="-4.10932e-007" y="0.707107" z="0.707106"/>
                    </vertex>
                    <vertex>
                        <position x="0.5" y="-0.5" z="-0.25"/>
                        <normal x="-1.06776e-007" y="-0.707106" z="0.707107"/>
                        <texcoord u="0.00783713" v="0.163996"/>
                        <tangent x="-1" y="-2.15071e-007" z="-3.66074e-007"/>
                        <binormal x="-4.10932e-007" y="0.707107" z="0.707106"/>
                    </vertex>
                    <vertex>
                        <position x="0.45" y="-0.464645" z="-0.214644"/>
                        <normal x="-1.06776e-007" y="-0.707106" z="0.707107"/>
                        <texcoord u="0.0280141" v="0.140643"/>
                        <tangent x="-1" y="-2.15071e-007" z="-3.66074e-007"/>
                        <binormal x="-4.10932e-007" y="0.707107" z="0.707106"/>
                    </vertex>
                    <vertex>
                        <position x="0.45" y="-0.464645" z="-0.214644"/>
                        <normal x="-8.61706e-008" y="-0.707107" z="0.707107"/>
                        <texcoord u="0.0280141" v="0.140643"/>
                        <tangent x="-1" y="-2.4537e-007" z="-3.67233e-007"/>
                        <binormal x="-4.33176e-007" y="0.707107" z="0.707107"/>
                    </vertex>
                    <vertex>
                        <position x="-0.45" y="-0.464645" z="-0.214645"/>
                        <normal x="-8.61706e-008" y="-0.707107" z="0.707107"/>
                        <texcoord u="0.3912" v="0.140643"/>
                        <tangent x="-1" y="-2.4537e-007" z="-3.67233e-007"/>
                        <binormal x="-4.33176e-007" y="0.707107" z="0.707107"/>
                    </vertex>
                    <vertex>
                        <position x="-0.5" y="-0.5" z="-0.25"/>
                        <normal x="-8.61706e-008" y="-0.707107" z="0.707107"/>
                        <texcoord u="0.411377" v="0.163996"/>
                        <tangent x="-1" y="-2.4537e-007" z="-3.67233e-007"/>
                        <binormal x="-4.33176e-007" y="0.707107" z="0.707107"/>
                    </vertex>
                    <vertex>
                        <position x="0.5" y="-0.5" z="-0.25"/>
                        <normal x="-7.86778e-008" y="-0.707106" z="0.707107"/>
                        <texcoord u="0.742255" v="0.603612"/>
                        <tangent x="0.999978" y="0.0046851" z="0.0046852"/>
                        <binormal x="0.0066258" y="-0.707092" z="-0.707091"/>
                    </vertex>
                    <vertex>
                        <position x="0.5" y="0.25" z="0.5"/>
                        <normal x="-7.86778e-008" y="-0.707106" z="0.707107"/>
                        <texcoord u="0.742255" v="0.93854"/>
                        <tangent x="0.999978" y="0.0046851" z="0.0046852"/>
                        <binormal x="0.0066258" y="-0.707092" z="-0.707091"/>
                    </vertex>
                    <vertex>
                        <position x="0.45" y="0.214645" z="0.464645"/>
                        <normal x="-7.86778e-008" y="-0.707106" z="0.707107"/>
                        <texcoord u="0.718827" v="0.922856"/>
                        <tangent x="0.999978" y="0.0046851" z="0.0046852"/>
                        <binormal x="0.0066258" y="-0.707092" z="-0.707091"/>
                    </vertex>
                    <vertex>
                        <position x="0.45" y="0.214645" z="0.464645"/>
                        <normal x="-1.73271e-007" y="-0.707106" z="0.707107"/>
                        <texcoord u="0.718827" v="0.922856"/>
                        <tangent x="0.999109" y="-0.0298394" z="-0.0298391"/>
                        <binormal x="-0.0421991" y="-0.706477" z="-0.706477"/>
                    </vertex>
                    <vertex>
                        <position x="0.45" y="-0.464645" z="-0.214644"/>
                        <normal x="-1.73271e-007" y="-0.707106" z="0.707107"/>
                        <texcoord u="0.718827" v="0.618771"/>
                        <tangent x="0.999109" y="-0.0298394" z="-0.0298391"/>
                        <binormal x="-0.0421991" y="-0.706477" z="-0.706477"/>
                    </vertex>
                    <vertex>
                        <position x="0.5" y="-0.5" z="-0.25"/>
                        <normal x="-1.73271e-007" y="-0.707106" z="0.707107"/>
                        <texcoord u="0.742255" v="0.603612"/>
                        <tangent x="0.999109" y="-0.0298394" z="-0.0298391"/>
                        <binormal x="-0.0421991" y="-0.706477" z="-0.706477"/>
                    </vertex>
                    <vertex>
                        <position x="0.5" y="0.25" z="0.5"/>
                        <normal x="-1.23635e-007" y="-0.707106" z="0.707107"/>
                        <texcoord u="0.00783713" v="0.163997"/>
                        <tangent x="-1" y="-2.25502e-007" z="-4.00347e-007"/>
                        <binormal x="-4.42542e-007" y="0.707107" z="0.707106"/>
                    </vertex>
                    <vertex>
                        <position x="-0.5" y="0.25" z="0.5"/>
                        <normal x="-1.23635e-007" y="-0.707106" z="0.707107"/>
                        <texcoord u="0.411377" v="0.163997"/>
                        <tangent x="-1" y="-2.25502e-007" z="-4.00347e-007"/>
                        <binormal x="-4.42542e-007" y="0.707107" z="0.707106"/>
                    </vertex>
                    <vertex>
                        <position x="-0.45" y="0.214645" z="0.464644"/>
                        <normal x="-1.23635e-007" y="-0.707106" z="0.707107"/>
                        <texcoord u="0.3912" v="0.140643"/>
                        <tangent x="-1" y="-2.25502e-007" z="-4.00347e-007"/>
                        <binormal x="-4.42542e-007" y="0.707107" z="0.707106"/>
                    </vertex>
                    <vertex>
                        <position x="-0.45" y="0.214645" z="0.464644"/>
                        <normal x="-1.04903e-007" y="-0.707106" z="0.707107"/>
                        <texcoord u="0.3912" v="0.140643"/>
                        <tangent x="-1" y="-1.82454e-007" z="-3.30808e-007"/>
                        <binormal x="-3.62931e-007" y="0.707107" z="0.707106"/>
                    </vertex>
                    <vertex>
                        <position x="0.45" y="0.214645" z="0.464645"/>
                        <normal x="-1.04903e-007" y="-0.707106" z="0.707107"/>
                        <texcoord u="0.0280141" v="0.140643"/>
                        <tangent x="-1" y="-1.82454e-007" z="-3.30808e-007"/>
                        <binormal x="-3.62931e-007" y="0.707107" z="0.707106"/>
                    </vertex>
                    <vertex>
                        <position x="0.5" y="0.25" z="0.5"/>
                        <normal x="-1.04903e-007" y="-0.707106" z="0.707107"/>
                        <texcoord u="0.00783713" v="0.163997"/>
                        <tangent x="-1" y="-1.82454e-007" z="-3.30808e-007"/>
                        <binormal x="-3.62931e-007" y="0.707107" z="0.707106"/>
                    </vertex>
                    <vertex>
                        <position x="-0.5" y="0.25" z="0.5"/>
                        <normal x="-4.38331e-007" y="-0.707106" z="0.707107"/>
                        <texcoord u="0.742255" v="0.938541"/>
                        <tangent x="-0.999204" y="-0.0282054" z="-0.0282059"/>
                        <binormal x="-0.0398888" y="0.706544" z="0.706544"/>
                    </vertex>
                    <vertex>
                        <position x="-0.5" y="-0.5" z="-0.25"/>
                        <normal x="-4.38331e-007" y="-0.707106" z="0.707107"/>
                        <texcoord u="0.742256" v="0.603612"/>
                        <tangent x="-0.999204" y="-0.0282054" z="-0.0282059"/>
                        <binormal x="-0.0398888" y="0.706544" z="0.706544"/>
                    </vertex>
                    <vertex>
                        <position x="-0.45" y="-0.464645" z="-0.214645"/>
                        <normal x="-4.38331e-007" y="-0.707106" z="0.707107"/>
                        <texcoord u="0.718828" v="0.618771"/>
                        <tangent x="-0.999204" y="-0.0282054" z="-0.0282059"/>
                        <binormal x="-0.0398888" y="0.706544" z="0.706544"/>
                    </vertex>
                    <vertex>
                        <position x="-0.45" y="-0.464645" z="-0.214645"/>
                        <normal x="-5.20726e-007" y="-0.707106" z="0.707107"/>
                        <texcoord u="0.718828" v="0.618771"/>
                        <tangent x="-0.999959" y="0.00638464" z="0.0063839"/>
                        <binormal x="0.00902872" y="0.707078" z="0.707078"/>
                    </vertex>
                    <vertex>
                        <position x="-0.45" y="0.214645" z="0.464644"/>
                        <normal x="-5.20726e-007" y="-0.707106" z="0.707107"/>
                        <texcoord u="0.718828" v="0.922857"/>
                        <tangent x="-0.999959" y="0.00638464" z="0.0063839"/>
                        <binormal x="0.00902872" y="0.707078" z="0.707078"/>
                    </vertex>
                    <vertex>
                        <position x="-0.5" y="0.25" z="0.5"/>
                        <normal x="-5.20726e-007" y="-0.707106" z="0.707107"/>
                        <texcoord u="0.742255" v="0.938541"/>
                        <tangent x="-0.999959" y="0.00638464" z="0.0063839"/>
                        <binormal x="0.00902872" y="0.707078" z="0.707078"/>
                    </vertex>
                    <vertex>
                        <position x="0.45" y="-0.464645" z="-0.464644"/>
                        <normal x="-2.30469e-007" y="1" z="-1.50996e-007"/>
                        <texcoord u="0.0280141" v="0.289128"/>
                        <tangent x="-1" y="-2.30469e-007" z="-3.64251e-007"/>
                        <binormal x="3.64251e-007" y="-1.50996e-007" z="-1"/>
                    </vertex>
                    <vertex>
                        <position x="-0.45" y="-0.464645" z="-0.464645"/>
                        <normal x="-2.30469e-007" y="1" z="-1.50996e-007"/>
                        <texcoord u="0.3912" v="0.289128"/>
                        <tangent x="-1" y="-2.30469e-007" z="-3.64251e-007"/>
                        <binormal x="3.64251e-007" y="-1.50996e-007" z="-1"/>
                    </vertex>
                    <vertex>
                        <position x="-0.45" y="-0.464645" z="-0.214645"/>
                        <normal x="-2.30469e-007" y="1" z="-1.50996e-007"/>
                        <texcoord u="0.3912" v="0.39049"/>
                        <tangent x="-1" y="-2.30469e-007" z="-3.64251e-007"/>
                        <binormal x="3.64251e-007" y="-1.50996e-007" z="-1"/>
                    </vertex>
                    <vertex>
                        <position x="-0.45" y="-0.464645" z="-0.214645"/>
                        <normal x="-2.30469e-007" y="1" z="-1.50996e-007"/>
                        <texcoord u="0.3912" v="0.39049"/>
                        <tangent x="-1" y="-2.30469e-007" z="-3.47694e-007"/>
                        <binormal x="3.47694e-007" y="-1.50996e-007" z="-1"/>
                    </vertex>
                    <vertex>
                        <position x="0.45" y="-0.464645" z="-0.214644"/>
                        <normal x="-2.30469e-007" y="1" z="-1.50996e-007"/>
                        <texcoord u="0.0280141" v="0.39049"/>
                        <tangent x="-1" y="-2.30469e-007" z="-3.47694e-007"/>
                        <binormal x="3.47694e-007" y="-1.50996e-007" z="-1"/>
                    </vertex>
                    <vertex>
                        <position x="0.45" y="-0.464645" z="-0.464644"/>
                        <normal x="-2.30469e-007" y="1" z="-1.50996e-007"/>
                        <texcoord u="0.0280141" v="0.289128"/>
                        <tangent x="-1" y="-2.30469e-007" z="-3.47694e-007"/>
                        <binormal x="3.47694e-007" y="-1.50996e-007" z="-1"/>
                    </vertex>
                    <vertex>
                        <position x="-0.45" y="0.464644" z="0.464644"/>
                        <normal x="3.52332e-007" y="-3.41731e-007" z="-1"/>
                        <texcoord u="0.3912" v="0.289128"/>
                        <tangent x="-1" y="-2.31796e-007" z="-3.52332e-007"/>
                        <binormal x="2.31796e-007" y="-1" z="3.41731e-007"/>
                    </vertex>
                    <vertex>
                        <position x="0.45" y="0.464645" z="0.464645"/>
                        <normal x="3.52332e-007" y="-3.41731e-007" z="-1"/>
                        <texcoord u="0.0280141" v="0.289128"/>
                        <tangent x="-1" y="-2.31796e-007" z="-3.52332e-007"/>
                        <binormal x="2.31796e-007" y="-1" z="3.41731e-007"/>
                    </vertex>
                    <vertex>
                        <position x="0.45" y="0.214645" z="0.464645"/>
                        <normal x="3.52332e-007" y="-3.41731e-007" z="-1"/>
                        <texcoord u="0.0280141" v="0.39049"/>
                        <tangent x="-1" y="-2.31796e-007" z="-3.52332e-007"/>
                        <binormal x="2.31796e-007" y="-1" z="3.41731e-007"/>
                    </vertex>
                    <vertex>
                        <position x="0.45" y="0.214645" z="0.464645"/>
                        <normal x="3.52332e-007" y="-3.41731e-007" z="-1"/>
                        <texcoord u="0.0280141" v="0.39049"/>
                        <tangent x="-1" y="-1.82125e-007" z="-3.52332e-007"/>
                        <binormal x="1.82125e-007" y="-1" z="3.41731e-007"/>
                    </vertex>
                    <vertex>
                        <position x="-0.45" y="0.214645" z="0.464644"/>
                        <normal x="3.52332e-007" y="-3.41731e-007" z="-1"/>
                        <texcoord u="0.3912" v="0.39049"/>
                        <tangent x="-1" y="-1.82125e-007" z="-3.52332e-007"/>
                        <binormal x="1.82125e-007" y="-1" z="3.41731e-007"/>
                    </vertex>
                    <vertex>
                        <position x="-0.45" y="0.464644" z="0.464644"/>
                        <normal x="3.52332e-007" y="-3.41731e-007" z="-1"/>
                        <texcoord u="0.3912" v="0.289128"/>
                        <tangent x="-1" y="-1.82125e-007" z="-3.52332e-007"/>
                        <binormal x="1.82125e-007" y="-1" z="3.41731e-007"/>
                    </vertex>
                    <vertex>
                        <position x="-0.45" y="0.464644" z="0.464644"/>
                        <normal x="1" y="-8.74227e-008" z="3.68209e-007"/>
                        <texcoord u="0.828273" v="0.976416"/>
                        <tangent x="-3.18272e-007" y="-0.720677" z="0.693271"/>
                        <binormal x="-2.04752e-007" y="0.693271" z="0.720677"/>
                    </vertex>
                    <vertex>
                        <position x="-0.45" y="0.214645" z="0.464644"/>
                        <normal x="1" y="-8.74227e-008" z="3.68209e-007"/>
                        <texcoord u="0.890776" v="0.921785"/>
                        <tangent x="-3.18272e-007" y="-0.720677" z="0.693271"/>
                        <binormal x="-2.04752e-007" y="0.693271" z="0.720677"/>
                    </vertex>
                    <vertex>
                        <position x="-0.45" y="-0.464645" z="-0.214645"/>
                        <normal x="1" y="-8.74227e-008" z="3.68209e-007"/>
                        <texcoord u="0.890776" v="0.619033"/>
                        <tangent x="-3.18272e-007" y="-0.720677" z="0.693271"/>
                        <binormal x="-2.04752e-007" y="0.693271" z="0.720677"/>
                    </vertex>
                    <vertex>
                        <position x="-0.45" y="-0.464645" z="-0.214645"/>
                        <normal x="1" y="1.17825e-007" z="8.74228e-008"/>
                        <texcoord u="0.890776" v="0.619033"/>
                        <tangent x="2.35502e-008" y="-0.717046" z="0.697026"/>
                        <binormal x="-1.44813e-007" y="0.697026" z="0.717046"/>
                    </vertex>
                    <vertex>
                        <position x="-0.45" y="-0.464645" z="-0.464645"/>
                        <normal x="1" y="1.17825e-007" z="8.74228e-008"/>
                        <texcoord u="0.828273" v="0.562578"/>
                        <tangent x="2.35502e-008" y="-0.717046" z="0.697026"/>
                        <binormal x="-1.44813e-007" y="0.697026" z="0.717046"/>
                    </vertex>
                    <vertex>
                        <position x="-0.45" y="0.464644" z="0.464644"/>
                        <normal x="1" y="1.17825e-007" z="8.74228e-008"/>
                        <texcoord u="0.828273" v="0.976416"/>
                        <tangent x="2.35502e-008" y="-0.717046" z="0.697026"/>
                        <binormal x="-1.44813e-007" y="0.697026" z="0.717046"/>
                    </vertex>
                    <vertex>
                        <position x="0.45" y="-0.464645" z="-0.464644"/>
                        <normal x="-1" y="6.75682e-008" z="-2.78158e-007"/>
                        <texcoord u="0.828273" v="0.562578"/>
                        <tangent x="-2.42458e-007" y="-0.71647" z="0.697618"/>
                        <binormal x="1.52155e-007" y="-0.697618" z="-0.71647"/>
                    </vertex>
                    <vertex>
                        <position x="0.45" y="-0.464645" z="-0.214644"/>
                        <normal x="-1" y="6.75682e-008" z="-2.78158e-007"/>
                        <texcoord u="0.890776" v="0.619033"/>
                        <tangent x="-2.42458e-007" y="-0.71647" z="0.697618"/>
                        <binormal x="1.52155e-007" y="-0.697618" z="-0.71647"/>
                    </vertex>
                    <vertex>
                        <position x="0.45" y="0.214645" z="0.464645"/>
                        <normal x="-1" y="6.75682e-008" z="-2.78158e-007"/>
                        <texcoord u="0.890776" v="0.921785"/>
                        <tangent x="-2.42458e-007" y="-0.71647" z="0.697618"/>
                        <binormal x="1.52155e-007" y="-0.697618" z="-0.71647"/>
                    </vertex>
                    <vertex>
                        <position x="0.45" y="0.214645" z="0.464645"/>
                        <normal x="-1" y="8.74227e-008" z="-2.92671e-007"/>
                        <texcoord u="0.890776" v="0.921785"/>
                        <tangent x="-2.66024e-007" y="-0.720124" z="0.693846"/>
                        <binormal x="1.50101e-007" y="-0.693846" z="-0.720124"/>
                    </vertex>
                    <vertex>
                        <position x="0.45" y="0.464645" z="0.464645"/>
                        <normal x="-1" y="8.74227e-008" z="-2.92671e-007"/>
                        <texcoord u="0.828273" v="0.976416"/>
                        <tangent x="-2.66024e-007" y="-0.720124" z="0.693846"/>
                        <binormal x="1.50101e-007" y="-0.693846" z="-0.720124"/>
                    </vertex>
                    <vertex>
                        <position x="0.45" y="-0.464645" z="-0.464644"/>
                        <normal x="-1" y="8.74227e-008" z="-2.92671e-007"/>
                        <texcoord u="0.828273" v="0.562578"/>
                        <tangent x="-2.66024e-007" y="-0.720124" z="0.693846"/>
                        <binormal x="1.50101e-007" y="-0.693846" z="-0.720124"/>
                    </vertex>
                    <vertex>
                        <position x="0.208658" y="0.339645" z="0.464644"/>
                        <normal x="-0.948683" y="0.223607" z="-0.223607"/>
                        <texcoord u="0.94536" v="0.500904"/>
                        <tangent x="-0.316228" y="-0.670813" z="0.670828"/>
                        <binormal x="-3.20375e-006" y="-0.707114" z="-0.7071"/>
                    </vertex>
                    <vertex>
                        <position x="0.25" y="0.398111" z="0.464644"/>
                        <normal x="0.316228" y="0.67082" z="-0.67082"/>
                        <texcoord u="0.9298" v="0.484221"/>
                        <tangent x="-0.948683" y="0.223622" z="-0.223593"/>
                        <binormal x="-1.90139e-005" y="-0.707102" z="-0.707111"/>
                    </vertex>
                    <vertex>
                        <position x="0.25" y="-0.464645" z="-0.398111"/>
                        <normal x="-0.316228" y="0.67082" z="-0.67082"/>
                        <texcoord u="0.929799" v="0.976587"/>
                        <tangent x="-0.948683" y="-0.2236" z="0.223614"/>
                        <binormal x="-9.47714e-006" y="-0.707109" z="-0.707105"/>
                    </vertex>
                    <vertex>
                        <position x="0.25" y="-0.464645" z="-0.398111"/>
                        <normal x="-0.316228" y="0.67082" z="-0.67082"/>
                        <texcoord u="0.929799" v="0.976587"/>
                        <tangent x="-0.948683" y="-0.223597" z="0.223617"/>
                        <binormal x="-1.3575e-005" y="-0.70711" z="-0.707104"/>
                    </vertex>
                    <vertex>
                        <position x="0.208658" y="-0.464645" z="-0.339645"/>
                        <normal x="-0.948683" y="-0.223607" z="0.223607"/>
                        <texcoord u="0.94536" v="0.959904"/>
                        <tangent x="0.316228" y="-0.6708" z="0.67084"/>
                        <binormal x="8.91089e-006" y="-0.707126" z="-0.707088"/>
                    </vertex>
                    <vertex>
                        <position x="0.208658" y="0.339645" z="0.464644"/>
                        <normal x="-0.948683" y="0.223607" z="-0.223607"/>
                        <texcoord u="0.94536" v="0.500904"/>
                        <tangent x="-0.316228" y="-0.67081" z="0.670831"/>
                        <binormal x="-4.54485e-006" y="-0.707116" z="-0.707097"/>
                    </vertex>
                    <vertex>
                        <position x="0.25" y="0.281179" z="0.464644"/>
                        <normal x="-0.316228" y="-0.67082" z="0.670821"/>
                        <texcoord u="0.960944" v="0.517587"/>
                        <tangent x="0.948683" y="-0.223597" z="0.223616"/>
                        <binormal x="1.27554e-005" y="-0.70711" z="-0.707104"/>
                    </vertex>
                    <vertex>
                        <position x="0.208658" y="0.339645" z="0.464644"/>
                        <normal x="-0.948683" y="0.223607" z="-0.223607"/>
                        <texcoord u="0.94536" v="0.500904"/>
                        <tangent x="-0.316228" y="-0.670801" z="0.67084"/>
                        <binormal x="-8.58307e-006" y="-0.707125" z="-0.707089"/>
                    </vertex>
                    <vertex>
                        <position x="0.208658" y="-0.464645" z="-0.339645"/>
                        <normal x="-0.948683" y="-0.223607" z="0.223607"/>
                        <texcoord u="0.94536" v="0.959904"/>
                        <tangent x="0.316228" y="-0.670811" z="0.67083"/>
                        <binormal x="4.21703e-006" y="-0.707116" z="-0.707098"/>
                    </vertex>
                    <vertex>
                        <position x="0.208658" y="-0.464645" z="-0.339645"/>
                        <normal x="-0.948683" y="-0.223607" z="0.223607"/>
                        <texcoord u="0.94536" v="0.959904"/>
                        <tangent x="0.316228" y="-0.670804" z="0.670837"/>
                        <binormal x="7.40588e-006" y="-0.707123" z="-0.707091"/>
                    </vertex>
                    <vertex>
                        <position x="0.25" y="-0.464645" z="-0.281179"/>
                        <normal x="0.316228" y="-0.67082" z="0.67082"/>
                        <texcoord u="0.960943" v="0.943222"/>
                        <tangent x="0.948683" y="0.22364" z="-0.223573"/>
                        <binormal x="4.4778e-005" y="-0.707096" z="-0.707117"/>
                    </vertex>
                    <vertex>
                        <position x="0.25" y="0.281179" z="0.464644"/>
                        <normal x="-0.316228" y="-0.67082" z="0.670821"/>
                        <texcoord u="0.960944" v="0.517587"/>
                        <tangent x="0.948683" y="-0.22359" z="0.223623"/>
                        <binormal x="2.2307e-005" y="-0.707112" z="-0.707101"/>
                    </vertex>
                    <vertex>
                        <position x="0.291342" y="0.339645" z="0.464644"/>
                        <normal x="0.948683" y="-0.223607" z="0.223607"/>
                        <texcoord u="0.976545" v="0.500904"/>
                        <tangent x="0.316228" y="0.670812" z="-0.670829"/>
                        <binormal x="-3.93391e-006" y="-0.707115" z="-0.707099"/>
                    </vertex>
                    <vertex>
                        <position x="0.25" y="0.281179" z="0.464644"/>
                        <normal x="-0.316228" y="-0.67082" z="0.670821"/>
                        <texcoord u="0.960944" v="0.517587"/>
                        <tangent x="0.948683" y="-0.223624" z="0.22359"/>
                        <binormal x="-2.31564e-005" y="-0.707101" z="-0.707112"/>
                    </vertex>
                    <vertex>
                        <position x="0.25" y="-0.464645" z="-0.281179"/>
                        <normal x="0.316228" y="-0.67082" z="0.67082"/>
                        <texcoord u="0.960943" v="0.943222"/>
                        <tangent x="0.948683" y="0.223598" z="-0.223615"/>
                        <binormal x="-1.16974e-005" y="-0.70711" z="-0.707104"/>
                    </vertex>
                    <vertex>
                        <position x="0.25" y="-0.464645" z="-0.281179"/>
                        <normal x="0.316228" y="-0.67082" z="0.67082"/>
                        <texcoord u="0.960943" v="0.943222"/>
                        <tangent x="0.948683" y="0.223612" z="-0.223601"/>
                        <binormal x="7.31647e-006" y="-0.707105" z="-0.707108"/>
                    </vertex>
                    <vertex>
                        <position x="0.291342" y="-0.464645" z="-0.339645"/>
                        <normal x="0.948684" y="0.223606" z="-0.223606"/>
                        <texcoord u="0.976544" v="0.959905"/>
                        <tangent x="-0.316227" y="0.670831" z="-0.67081"/>
                        <binormal x="-5.00679e-006" y="-0.707096" z="-0.707117"/>
                    </vertex>
                    <vertex>
                        <position x="0.291342" y="0.339645" z="0.464644"/>
                        <normal x="0.948683" y="-0.223607" z="0.223607"/>
                        <texcoord u="0.976545" v="0.500904"/>
                        <tangent x="0.316228" y="0.670826" z="-0.670815"/>
                        <binormal x="2.38419e-006" y="-0.707102" z="-0.707112"/>
                    </vertex>
                    <vertex>
                        <position x="0.25" y="0.398111" z="0.464644"/>
                        <normal x="0.316228" y="0.67082" z="-0.67082"/>
                        <texcoord u="0.9298" v="0.484221"/>
                        <tangent x="-0.948683" y="0.2236" z="-0.223615"/>
                        <binormal x="1.0103e-005" y="-0.707109" z="-0.707104"/>
                    </vertex>
                    <vertex>
                        <position x="0.291342" y="0.339645" z="0.464644"/>
                        <normal x="0.948683" y="-0.223607" z="0.223607"/>
                        <texcoord u="0.914084" v="0.500904"/>
                        <tangent x="0.316229" y="0.670805" z="-0.670835"/>
                        <binormal x="-6.78003e-006" y="-0.707121" z="-0.707092"/>
                    </vertex>
                    <vertex>
                        <position x="0.291342" y="-0.464645" z="-0.339645"/>
                        <normal x="0.948684" y="0.223606" z="-0.223606"/>
                        <texcoord u="0.914084" v="0.959904"/>
                        <tangent x="-0.316227" y="0.670813" z="-0.670828"/>
                        <binormal x="3.26335e-006" y="-0.707114" z="-0.7071"/>
                    </vertex>
                    <vertex>
                        <position x="0.291342" y="-0.464645" z="-0.339645"/>
                        <normal x="0.948684" y="0.223606" z="-0.223606"/>
                        <texcoord u="0.914084" v="0.959904"/>
                        <tangent x="-0.316227" y="0.67081" z="-0.670831"/>
                        <binormal x="4.63426e-006" y="-0.707117" z="-0.707097"/>
                    </vertex>
                    <vertex>
                        <position x="0.25" y="-0.464645" z="-0.398111"/>
                        <normal x="-0.316228" y="0.67082" z="-0.67082"/>
                        <texcoord u="0.929799" v="0.976587"/>
                        <tangent x="-0.948683" y="-0.223628" z="0.223586"/>
                        <binormal x="2.8342e-005" y="-0.7071" z="-0.707113"/>
                    </vertex>
                    <vertex>
                        <position x="0.25" y="0.398111" z="0.464644"/>
                        <normal x="0.316228" y="0.67082" z="-0.67082"/>
                        <texcoord u="0.9298" v="0.484221"/>
                        <tangent x="-0.948683" y="0.223597" z="-0.223618"/>
                        <binormal x="1.41561e-005" y="-0.70711" z="-0.707103"/>
                    </vertex>
                    <vertex>
                        <position x="-0.0413415" y="0.339645" z="0.464644"/>
                        <normal x="-0.948683" y="0.223607" z="-0.223607"/>
                        <texcoord u="0.94536" v="0.500904"/>
                        <tangent x="-0.316228" y="-0.670815" z="0.670826"/>
                        <binormal x="-2.5779e-006" y="-0.707112" z="-0.707102"/>
                    </vertex>
                    <vertex>
                        <position x="4.18671e-008" y="0.398111" z="0.464644"/>
                        <normal x="0.316227" y="0.67082" z="-0.670821"/>
                        <texcoord u="0.9298" v="0.484221"/>
                        <tangent x="-0.948683" y="0.223618" z="-0.223596"/>
                        <binormal x="-1.48565e-005" y="-0.707103" z="-0.70711"/>
                    </vertex>
                    <vertex>
                        <position x="8.95509e-008" y="-0.464645" z="-0.398111"/>
                        <normal x="-0.316228" y="0.67082" z="-0.67082"/>
                        <texcoord u="0.929799" v="0.976587"/>
                        <tangent x="-0.948683" y="-0.223601" z="0.223612"/>
                        <binormal x="-7.46548e-006" y="-0.707109" z="-0.707105"/>
                    </vertex>
                    <vertex>
                        <position x="8.95509e-008" y="-0.464645" z="-0.398111"/>
                        <normal x="-0.316228" y="0.67082" z="-0.67082"/>
                        <texcoord u="0.929799" v="0.976587"/>
                        <tangent x="-0.948683" y="-0.223616" z="0.223597"/>
                        <binormal x="1.28001e-005" y="-0.707104" z="-0.70711"/>
                    </vertex>
                    <vertex>
                        <position x="-0.0413417" y="-0.464645" z="-0.339645"/>
                        <normal x="-0.948683" y="-0.223607" z="0.223607"/>
                        <texcoord u="0.945359" v="0.959904"/>
                        <tangent x="0.316228" y="-0.67084" z="0.670801"/>
                        <binormal x="-8.83639e-006" y="-0.707088" z="-0.707125"/>
                    </vertex>
                    <vertex>
                        <position x="-0.0413415" y="0.339645" z="0.464644"/>
                        <normal x="-0.948683" y="0.223607" z="-0.223607"/>
                        <texcoord u="0.94536" v="0.500904"/>
                        <tangent x="-0.316228" y="-0.67083" z="0.670811"/>
                        <binormal x="4.17232e-006" y="-0.707098" z="-0.707116"/>
                    </vertex>
                    <vertex>
                        <position x="3.16446e-008" y="0.281179" z="0.464644"/>
                        <normal x="-0.316228" y="-0.67082" z="0.670821"/>
                        <texcoord u="0.960943" v="0.517587"/>
                        <tangent x="0.948683" y="-0.223595" z="0.223618"/>
                        <binormal x="1.49757e-005" y="-0.70711" z="-0.707103"/>
                    </vertex>
                    <vertex>
                        <position x="-0.0413415" y="0.339645" z="0.464644"/>
                        <normal x="-0.948683" y="0.223607" z="-0.223607"/>
                        <texcoord u="0.94536" v="0.500904"/>
                        <tangent x="-0.316228" y="-0.670798" z="0.670843"/>
                        <binormal x="-1.02669e-005" y="-0.707128" z="-0.707085"/>
                    </vertex>
                    <vertex>
                        <position x="-0.0413417" y="-0.464645" z="-0.339645"/>
                        <normal x="-0.948683" y="-0.223607" z="0.223607"/>
                        <texcoord u="0.945359" v="0.959904"/>
                        <tangent x="0.316228" y="-0.670809" z="0.670832"/>
                        <binormal x="4.88758e-006" y="-0.707118" z="-0.707096"/>
                    </vertex>
                    <vertex>
                        <position x="-0.0413417" y="-0.464645" z="-0.339645"/>
                        <normal x="-0.948683" y="-0.223607" z="0.223607"/>
                        <texcoord u="0.945359" v="0.959904"/>
                        <tangent x="0.316228" y="-0.670804" z="0.670837"/>
                        <binormal x="7.13766e-006" y="-0.707122" z="-0.707091"/>
                    </vertex>
                    <vertex>
                        <position x="7.93284e-008" y="-0.464645" z="-0.281179"/>
                        <normal x="0.316227" y="-0.670821" z="0.670821"/>
                        <texcoord u="0.960943" v="0.943222"/>
                        <tangent x="0.948684" y="0.223639" z="-0.223574"/>
                        <binormal x="4.34965e-005" y="-0.707097" z="-0.707117"/>
                    </vertex>
                    <vertex>
                        <position x="3.16446e-008" y="0.281179" z="0.464644"/>
                        <normal x="-0.316228" y="-0.67082" z="0.670821"/>
                        <texcoord u="0.960943" v="0.517587"/>
                        <tangent x="0.948683" y="-0.22359" z="0.223623"/>
                        <binormal x="2.17706e-005" y="-0.707112" z="-0.707102"/>
                    </vertex>
                    <vertex>
                        <position x="0.0413418" y="0.339645" z="0.464644"/>
                        <normal x="0.948683" y="-0.223608" z="0.223608"/>
                        <texcoord u="0.976545" v="0.500904"/>
                        <tangent x="0.316229" y="0.670809" z="-0.670831"/>
                        <binormal x="-4.82798e-006" y="-0.707117" z="-0.707097"/>
                    </vertex>
                    <vertex>
                        <position x="3.16446e-008" y="0.281179" z="0.464644"/>
                        <normal x="-0.316228" y="-0.67082" z="0.670821"/>
                        <texcoord u="0.960943" v="0.517587"/>
                        <tangent x="0.948683" y="-0.223628" z="0.223585"/>
                        <binormal x="-2.87294e-005" y="-0.7071" z="-0.707114"/>
                    </vertex>
                    <vertex>
                        <position x="7.93284e-008" y="-0.464645" z="-0.281179"/>
                        <normal x="0.316227" y="-0.670821" z="0.670821"/>
                        <texcoord u="0.960943" v="0.943222"/>
                        <tangent x="0.948684" y="0.223595" z="-0.223617"/>
                        <binormal x="-1.44243e-005" y="-0.70711" z="-0.707103"/>
                    </vertex>
                    <vertex>
                        <position x="7.93284e-008" y="-0.464645" z="-0.281179"/>
                        <normal x="0.316227" y="-0.670821" z="0.670821"/>
                        <texcoord u="0.960943" v="0.943222"/>
                        <tangent x="0.948684" y="0.22359" z="-0.223622"/>
                        <binormal x="-2.11447e-005" y="-0.707112" z="-0.707102"/>
                    </vertex>
                    <vertex>
                        <position x="0.0413417" y="-0.464645" z="-0.339645"/>
                        <normal x="0.948683" y="0.223607" z="-0.223607"/>
                        <texcoord u="0.976544" v="0.959904"/>
                        <tangent x="-0.316228" y="0.670789" z="-0.670852"/>
                        <binormal x="1.40816e-005" y="-0.707137" z="-0.707077"/>
                    </vertex>
                    <vertex>
                        <position x="0.0413418" y="0.339645" z="0.464644"/>
                        <normal x="0.948683" y="-0.223608" z="0.223608"/>
                        <texcoord u="0.976545" v="0.500904"/>
                        <tangent x="0.316229" y="0.670804" z="-0.670836"/>
                        <binormal x="-7.10785e-006" y="-0.707122" z="-0.707092"/>
                    </vertex>
                    <vertex>
                        <position x="4.18671e-008" y="0.398111" z="0.464644"/>
                        <normal x="0.316227" y="0.67082" z="-0.670821"/>
                        <texcoord u="0.9298" v="0.484221"/>
                        <tangent x="-0.948683" y="0.2236" z="-0.223613"/>
                        <binormal x="8.62777e-006" y="-0.707109" z="-0.707105"/>
                    </vertex>
                    <vertex>
                        <position x="0.0413418" y="0.339645" z="0.464644"/>
                        <normal x="0.948683" y="-0.223608" z="0.223608"/>
                        <texcoord u="0.914084" v="0.500904"/>
                        <tangent x="0.316229" y="0.670807" z="-0.670833"/>
                        <binormal x="-5.76675e-006" y="-0.707119" z="-0.707095"/>
                    </vertex>
                    <vertex>
                        <position x="0.0413417" y="-0.464645" z="-0.339645"/>
                        <normal x="0.948683" y="0.223607" z="-0.223607"/>
                        <texcoord u="0.914084" v="0.959904"/>
                        <tangent x="-0.316228" y="0.670814" z="-0.670827"/>
                        <binormal x="2.84612e-006" y="-0.707113" z="-0.707101"/>
                    </vertex>
                    <vertex>
                        <position x="0.0413417" y="-0.464645" z="-0.339645"/>
                        <normal x="0.948683" y="0.223607" z="-0.223607"/>
                        <texcoord u="0.914084" v="0.959904"/>
                        <tangent x="-0.316228" y="0.670829" z="-0.670812"/>
                        <binormal x="-3.96371e-006" y="-0.707099" z="-0.707115"/>
                    </vertex>
                    <vertex>
                        <position x="8.95509e-008" y="-0.464645" z="-0.398111"/>
                        <normal x="-0.316228" y="0.67082" z="-0.67082"/>
                        <texcoord u="0.929799" v="0.976587"/>
                        <tangent x="-0.948683" y="-0.223589" z="0.223624"/>
                        <binormal x="-2.34693e-005" y="-0.707112" z="-0.707101"/>
                    </vertex>
                    <vertex>
                        <position x="4.18671e-008" y="0.398111" z="0.464644"/>
                        <normal x="0.316227" y="0.67082" z="-0.670821"/>
                        <texcoord u="0.9298" v="0.484221"/>
                        <tangent x="-0.948683" y="0.223615" z="-0.223598"/>
                        <binormal x="-1.17868e-005" y="-0.707104" z="-0.70711"/>
                    </vertex>
                    <vertex>
                        <position x="-0.291342" y="0.339645" z="0.464644"/>
                        <normal x="-0.948683" y="0.223607" z="-0.223607"/>
                        <texcoord u="0.94536" v="0.500904"/>
                        <tangent x="-0.316227" y="-0.670814" z="0.670827"/>
                        <binormal x="-2.93553e-006" y="-0.707113" z="-0.707101"/>
                    </vertex>
                    <vertex>
                        <position x="-0.25" y="0.398111" z="0.464644"/>
                        <normal x="0.316228" y="0.67082" z="-0.67082"/>
                        <texcoord u="0.9298" v="0.484221"/>
                        <tangent x="-0.948683" y="0.22362" z="-0.223594"/>
                        <binormal x="-1.74046e-005" y="-0.707103" z="-0.707111"/>
                    </vertex>
                    <vertex>
                        <position x="-0.25" y="-0.464645" z="-0.398111"/>
                        <normal x="-0.316228" y="0.67082" z="-0.67082"/>
                        <texcoord u="0.929799" v="0.976587"/>
                        <tangent x="-0.948683" y="-0.2236" z="0.223613"/>
                        <binormal x="-8.74698e-006" y="-0.707109" z="-0.707105"/>
                    </vertex>
                    <vertex>
                        <position x="-0.25" y="-0.464645" z="-0.398111"/>
                        <normal x="-0.316228" y="0.67082" z="-0.67082"/>
                        <texcoord u="0.929799" v="0.976587"/>
                        <tangent x="-0.948683" y="-0.223617" z="0.223596"/>
                        <binormal x="1.42455e-005" y="-0.707103" z="-0.70711"/>
                    </vertex>
                    <vertex>
                        <position x="-0.291342" y="-0.464645" z="-0.339645"/>
                        <normal x="-0.948683" y="-0.223607" z="0.223607"/>
                        <texcoord u="0.945359" v="0.959904"/>
                        <tangent x="0.316228" y="-0.670841" z="0.670799"/>
                        <binormal x="-9.52184e-006" y="-0.707087" z="-0.707127"/>
                    </vertex>
                    <vertex>
                        <position x="-0.291342" y="0.339645" z="0.464644"/>
                        <normal x="-0.948683" y="0.223607" z="-0.223607"/>
                        <texcoord u="0.94536" v="0.500904"/>
                        <tangent x="-0.316227" y="-0.670831" z="0.67081"/>
                        <binormal x="4.70877e-006" y="-0.707097" z="-0.707117"/>
                    </vertex>
                    <vertex>
                        <position x="-0.25" y="0.281179" z="0.464644"/>
                        <normal x="-0.316228" y="-0.67082" z="0.67082"/>
                        <texcoord u="0.960943" v="0.517586"/>
                        <tangent x="0.948683" y="-0.223635" z="0.223579"/>
                        <binormal x="-3.71486e-005" y="-0.707098" z="-0.707115"/>
                    </vertex>
                    <vertex>
                        <position x="-0.291342" y="0.339645" z="0.464644"/>
                        <normal x="-0.948683" y="0.223607" z="-0.223607"/>
                        <texcoord u="0.94536" v="0.500904"/>
                        <tangent x="-0.316228" y="-0.670876" z="0.670765"/>
                        <binormal x="2.4721e-005" y="-0.707054" z="-0.707159"/>
                    </vertex>
                    <vertex>
                        <position x="-0.291342" y="-0.464645" z="-0.339645"/>
                        <normal x="-0.948683" y="-0.223607" z="0.223607"/>
                        <texcoord u="0.945359" v="0.959904"/>
                        <tangent x="0.316228" y="-0.670848" z="0.670793"/>
                        <binormal x="-1.23829e-005" y="-0.707081" z="-0.707133"/>
                    </vertex>
                    <vertex>
                        <position x="-0.291342" y="-0.464645" z="-0.339645"/>
                        <normal x="-0.948683" y="-0.223607" z="0.223607"/>
                        <texcoord u="0.945359" v="0.959904"/>
                        <tangent x="0.316228" y="-0.670802" z="0.670838"/>
                        <binormal x="7.92742e-006" y="-0.707124" z="-0.70709"/>
                    </vertex>
                    <vertex>
                        <position x="-0.25" y="-0.464645" z="-0.281179"/>
                        <normal x="0.316227" y="-0.67082" z="0.670821"/>
                        <texcoord u="0.960943" v="0.943221"/>
                        <tangent x="0.948684" y="0.223642" z="-0.223571"/>
                        <binormal x="4.74602e-005" y="-0.707096" z="-0.707118"/>
                    </vertex>
                    <vertex>
                        <position x="-0.25" y="0.281179" z="0.464644"/>
                        <normal x="-0.316228" y="-0.67082" z="0.67082"/>
                        <texcoord u="0.960943" v="0.517586"/>
                        <tangent x="0.948683" y="-0.223589" z="0.223625"/>
                        <binormal x="2.37525e-005" y="-0.707112" z="-0.707101"/>
                    </vertex>
                    <vertex>
                        <position x="-0.208658" y="0.339645" z="0.464644"/>
                        <normal x="0.948683" y="-0.223607" z="0.223607"/>
                        <texcoord u="0.976545" v="0.500904"/>
                        <tangent x="0.316228" y="0.67085" z="-0.67079"/>
                        <binormal x="1.33365e-005" y="-0.707078" z="-0.707135"/>
                    </vertex>
                    <vertex>
                        <position x="-0.25" y="0.281179" z="0.464644"/>
                        <normal x="-0.316228" y="-0.67082" z="0.67082"/>
                        <texcoord u="0.960943" v="0.517586"/>
                        <tangent x="0.948683" y="-0.223547" z="0.223667"/>
                        <binormal x="8.04365e-005" y="-0.707126" z="-0.707088"/>
                    </vertex>
                    <vertex>
                        <position x="-0.25" y="-0.464645" z="-0.281179"/>
                        <normal x="0.316227" y="-0.67082" z="0.670821"/>
                        <texcoord u="0.960943" v="0.943221"/>
                        <tangent x="0.948684" y="0.223636" z="-0.223576"/>
                        <binormal x="4.01586e-005" y="-0.707097" z="-0.707116"/>
                    </vertex>
                    <vertex>
                        <position x="-0.25" y="-0.464645" z="-0.281179"/>
                        <normal x="0.316227" y="-0.67082" z="0.670821"/>
                        <texcoord u="0.960943" v="0.943221"/>
                        <tangent x="0.948684" y="0.223592" z="-0.223621"/>
                        <binormal x="-1.97738e-005" y="-0.707112" z="-0.707102"/>
                    </vertex>
                    <vertex>
                        <position x="-0.208658" y="-0.464645" z="-0.339645"/>
                        <normal x="0.948683" y="0.223607" z="-0.223607"/>
                        <texcoord u="0.976544" v="0.959904"/>
                        <tangent x="-0.316228" y="0.670791" z="-0.67085"/>
                        <binormal x="1.30534e-005" y="-0.707135" z="-0.707079"/>
                    </vertex>
                    <vertex>
                        <position x="-0.208658" y="0.339645" z="0.464644"/>
                        <normal x="0.948683" y="-0.223607" z="0.223607"/>
                        <texcoord u="0.976545" v="0.500904"/>
                        <tangent x="0.316228" y="0.670805" z="-0.670835"/>
                        <binormal x="-6.66082e-006" y="-0.707121" z="-0.707093"/>
                    </vertex>
                    <vertex>
                        <position x="-0.25" y="0.398111" z="0.464644"/>
                        <normal x="0.316228" y="0.67082" z="-0.67082"/>
                        <texcoord u="0.9298" v="0.484221"/>
                        <tangent x="-0.948683" y="0.223599" z="-0.223615"/>
                        <binormal x="1.02371e-005" y="-0.707109" z="-0.707104"/>
                    </vertex>
                    <vertex>
                        <position x="-0.208658" y="0.339645" z="0.464644"/>
                        <normal x="0.948683" y="-0.223607" z="0.223607"/>
                        <texcoord u="0.914084" v="0.500904"/>
                        <tangent x="0.316228" y="0.670805" z="-0.670836"/>
                        <binormal x="-6.97374e-006" y="-0.707121" z="-0.707092"/>
                    </vertex>
                    <vertex>
                        <position x="-0.208658" y="-0.464645" z="-0.339645"/>
                        <normal x="0.948683" y="0.223607" z="-0.223607"/>
                        <texcoord u="0.914084" v="0.959904"/>
                        <tangent x="-0.316228" y="0.670813" z="-0.670828"/>
                        <binormal x="3.32296e-006" y="-0.707114" z="-0.707099"/>
                    </vertex>
                    <vertex>
                        <position x="-0.208658" y="-0.464645" z="-0.339645"/>
                        <normal x="0.948683" y="0.223607" z="-0.223607"/>
                        <texcoord u="0.914084" v="0.959904"/>
                        <tangent x="-0.316228" y="0.670829" z="-0.670812"/>
                        <binormal x="-4.05312e-006" y="-0.707098" z="-0.707115"/>
                    </vertex>
                    <vertex>
                        <position x="-0.25" y="-0.464645" z="-0.398111"/>
                        <normal x="-0.316228" y="0.67082" z="-0.67082"/>
                        <texcoord u="0.929799" v="0.976587"/>
                        <tangent x="-0.948683" y="-0.223589" z="0.223625"/>
                        <binormal x="-2.36928e-005" y="-0.707112" z="-0.707101"/>
                    </vertex>
                    <vertex>
                        <position x="-0.25" y="0.398111" z="0.464644"/>
                        <normal x="0.316228" y="0.67082" z="-0.67082"/>
                        <texcoord u="0.9298" v="0.484221"/>
                        <tangent x="-0.948683" y="0.223616" z="-0.223598"/>
                        <binormal x="-1.18911e-005" y="-0.707104" z="-0.70711"/>
                    </vertex>
                </vertexbuffer>
            </geometry>
        </submesh>
    </submeshes>
    <submeshnames>
        <submeshname name="submesh0" index="0"/>
    </submeshnames>
</mesh>
