<mesh>
    <submeshes>
        <submesh material="Button" usesharedvertices="false" use32bitindexes="false" operationtype="triangle_list">
            <faces count="60">
                <face v1="0" v2="1" v3="2"/>
                <face v1="3" v2="4" v3="5"/>
                <face v1="6" v2="7" v3="8"/>
                <face v1="9" v2="10" v3="11"/>
                <face v1="12" v2="13" v3="14"/>
                <face v1="15" v2="16" v3="17"/>
                <face v1="18" v2="19" v3="20"/>
                <face v1="21" v2="22" v3="23"/>
                <face v1="24" v2="25" v3="26"/>
                <face v1="27" v2="28" v3="29"/>
                <face v1="30" v2="31" v3="32"/>
                <face v1="33" v2="34" v3="35"/>
                <face v1="36" v2="37" v3="38"/>
                <face v1="39" v2="40" v3="41"/>
                <face v1="42" v2="43" v3="44"/>
                <face v1="45" v2="46" v3="47"/>
                <face v1="48" v2="49" v3="50"/>
                <face v1="51" v2="52" v3="53"/>
                <face v1="54" v2="55" v3="56"/>
                <face v1="57" v2="58" v3="59"/>
                <face v1="60" v2="61" v3="62"/>
                <face v1="63" v2="64" v3="65"/>
                <face v1="66" v2="67" v3="68"/>
                <face v1="69" v2="70" v3="71"/>
                <face v1="72" v2="73" v3="74"/>
                <face v1="75" v2="76" v3="77"/>
                <face v1="78" v2="79" v3="80"/>
                <face v1="81" v2="82" v3="83"/>
                <face v1="84" v2="85" v3="86"/>
                <face v1="87" v2="88" v3="89"/>
                <face v1="90" v2="91" v3="92"/>
                <face v1="93" v2="94" v3="95"/>
                <face v1="96" v2="97" v3="98"/>
                <face v1="99" v2="100" v3="101"/>
                <face v1="102" v2="103" v3="104"/>
                <face v1="105" v2="106" v3="107"/>
                <face v1="108" v2="109" v3="110"/>
                <face v1="111" v2="112" v3="113"/>
                <face v1="114" v2="115" v3="116"/>
                <face v1="117" v2="118" v3="119"/>
                <face v1="120" v2="121" v3="122"/>
                <face v1="123" v2="124" v3="125"/>
                <face v1="126" v2="127" v3="128"/>
                <face v1="129" v2="130" v3="131"/>
                <face v1="132" v2="133" v3="134"/>
                <face v1="135" v2="136" v3="137"/>
                <face v1="138" v2="139" v3="140"/>
                <face v1="141" v2="142" v3="143"/>
                <face v1="144" v2="145" v3="146"/>
                <face v1="147" v2="148" v3="149"/>
                <face v1="150" v2="151" v3="152"/>
                <face v1="153" v2="154" v3="155"/>
                <face v1="156" v2="157" v3="158"/>
                <face v1="159" v2="160" v3="161"/>
                <face v1="162" v2="163" v3="164"/>
                <face v1="165" v2="166" v3="167"/>
                <face v1="168" v2="169" v3="170"/>
                <face v1="171" v2="172" v3="173"/>
                <face v1="174" v2="175" v3="176"/>
                <face v1="177" v2="178" v3="179"/>
            </faces>
            <geometry vertexcount="180">
                <vertexbuffer positions="true" normals="true" texture_coord_dimensions_0="float2" tangents="true" binormals="true" texture_coords="1">
                    <vertex>
                        <position x="-0.199999" y="-0.25" z="0.5"/>
                        <normal x="-2.38419e-007" y="2.38418e-007" z="1"/>
                        <texcoord u="0.328125" v="0.636719"/>
                        <tangent x="-1" y="1.42108e-014" z="-2.38419e-007"/>
                        <binormal x="7.10542e-014" y="1" z="-2.38418e-007"/>
                    </vertex>
                    <vertex>
                        <position x="0.200001" y="-0.25" z="0.5"/>
                        <normal x="-2.38419e-007" y="2.38418e-007" z="1"/>
                        <texcoord u="0.0429688" v="0.636719"/>
                        <tangent x="-1" y="1.42108e-014" z="-2.38419e-007"/>
                        <binormal x="7.10542e-014" y="1" z="-2.38418e-007"/>
                    </vertex>
                    <vertex>
                        <position x="0.250001" y="-0.199999" z="0.5"/>
                        <normal x="-2.38419e-007" y="2.38418e-007" z="1"/>
                        <texcoord u="0.0078125" v="0.671875"/>
                        <tangent x="-1" y="1.42108e-014" z="-2.38419e-007"/>
                        <binormal x="7.10542e-014" y="1" z="-2.38418e-007"/>
                    </vertex>
                    <vertex>
                        <position x="0.250001" y="-0.199999" z="0.5"/>
                        <normal x="0" y="-1.90735e-006" z="1"/>
                        <texcoord u="0.0078125" v="0.671875"/>
                        <tangent x="-1" y="0" z="0"/>
                        <binormal x="0" y="1" z="1.90735e-006"/>
                    </vertex>
                    <vertex>
                        <position x="-0.249999" y="-0.199999" z="0.5"/>
                        <normal x="0" y="-1.90735e-006" z="1"/>
                        <texcoord u="0.363281" v="0.671875"/>
                        <tangent x="-1" y="0" z="0"/>
                        <binormal x="0" y="1" z="1.90735e-006"/>
                    </vertex>
                    <vertex>
                        <position x="-0.199999" y="-0.25" z="0.5"/>
                        <normal x="0" y="-1.90735e-006" z="1"/>
                        <texcoord u="0.328125" v="0.636719"/>
                        <tangent x="-1" y="0" z="0"/>
                        <binormal x="0" y="1" z="1.90735e-006"/>
                    </vertex>
                    <vertex>
                        <position x="-0.169614" y="0.212019" z="0.467569"/>
                        <normal x="1.01051e-012" y="1" z="-3.59445e-006"/>
                        <texcoord u="0.410156" v="0.650391"/>
                        <tangent x="1" y="2.52627e-013" z="3.51412e-007"/>
                        <binormal x="-3.51412e-007" y="3.59445e-006" z="1"/>
                    </vertex>
                    <vertex>
                        <position x="0.169615" y="0.212019" z="0.467569"/>
                        <normal x="1.01051e-012" y="1" z="-3.59445e-006"/>
                        <texcoord u="0.648438" v="0.650391"/>
                        <tangent x="1" y="2.52627e-013" z="3.51412e-007"/>
                        <binormal x="-3.51412e-007" y="3.59445e-006" z="1"/>
                    </vertex>
                    <vertex>
                        <position x="0.169615" y="0.212019" z="0.427771"/>
                        <normal x="1.01051e-012" y="1" z="-3.59445e-006"/>
                        <texcoord u="0.648438" v="0.623047"/>
                        <tangent x="1" y="2.52626e-013" z="3.51412e-007"/>
                        <binormal x="-3.51412e-007" y="3.59445e-006" z="1"/>
                    </vertex>
                    <vertex>
                        <position x="0.169615" y="0.212019" z="0.427771"/>
                        <normal x="-1.01051e-012" y="1" z="-3.59447e-006"/>
                        <texcoord u="0.648438" v="0.623047"/>
                        <tangent x="1" y="6.3157e-014" z="-2.63559e-007"/>
                        <binormal x="2.63559e-007" y="3.59447e-006" z="1"/>
                    </vertex>
                    <vertex>
                        <position x="-0.169614" y="0.212019" z="0.427771"/>
                        <normal x="-1.01051e-012" y="1" z="-3.59447e-006"/>
                        <texcoord u="0.410156" v="0.623047"/>
                        <tangent x="1" y="6.31571e-014" z="-2.63559e-007"/>
                        <binormal x="2.63559e-007" y="3.59447e-006" z="1"/>
                    </vertex>
                    <vertex>
                        <position x="-0.169614" y="0.212019" z="0.467569"/>
                        <normal x="-1.01051e-012" y="1" z="-3.59447e-006"/>
                        <texcoord u="0.410156" v="0.650391"/>
                        <tangent x="1" y="6.31571e-014" z="-2.63559e-007"/>
                        <binormal x="2.63559e-007" y="3.59447e-006" z="1"/>
                    </vertex>
                    <vertex>
                        <position x="-0.212018" y="-0.169614" z="0.467568"/>
                        <normal x="-1" y="-2.02102e-012" z="2.39631e-006"/>
                        <texcoord u="0.410156" v="0.650391"/>
                        <tangent x="-1.26314e-013" y="1" z="7.90677e-007"/>
                        <binormal x="2.39631e-006" y="-7.90677e-007" z="1"/>
                    </vertex>
                    <vertex>
                        <position x="-0.212018" y="0.169615" z="0.467569"/>
                        <normal x="-1" y="-2.02102e-012" z="2.39631e-006"/>
                        <texcoord u="0.648438" v="0.650391"/>
                        <tangent x="-1.26314e-013" y="1" z="7.90677e-007"/>
                        <binormal x="2.39631e-006" y="-7.90677e-007" z="1"/>
                    </vertex>
                    <vertex>
                        <position x="-0.212018" y="0.169615" z="0.427771"/>
                        <normal x="-1" y="-2.02102e-012" z="2.39631e-006"/>
                        <texcoord u="0.648438" v="0.623047"/>
                        <tangent x="-1.26314e-013" y="1" z="7.90677e-007"/>
                        <binormal x="2.39631e-006" y="-7.90677e-007" z="1"/>
                    </vertex>
                    <vertex>
                        <position x="-0.212018" y="0.169615" z="0.427771"/>
                        <normal x="-1" y="-6.73678e-013" z="2.39632e-006"/>
                        <texcoord u="0.648438" v="0.623047"/>
                        <tangent x="-4.21049e-014" y="1" z="2.63559e-007"/>
                        <binormal x="2.39632e-006" y="-2.63559e-007" z="1"/>
                    </vertex>
                    <vertex>
                        <position x="-0.212018" y="-0.169614" z="0.427771"/>
                        <normal x="-1" y="-6.73678e-013" z="2.39632e-006"/>
                        <texcoord u="0.410156" v="0.623047"/>
                        <tangent x="-4.21049e-014" y="1" z="2.63559e-007"/>
                        <binormal x="2.39632e-006" y="-2.63559e-007" z="1"/>
                    </vertex>
                    <vertex>
                        <position x="-0.212018" y="-0.169614" z="0.467568"/>
                        <normal x="-1" y="-6.73678e-013" z="2.39632e-006"/>
                        <texcoord u="0.410156" v="0.650391"/>
                        <tangent x="-4.21049e-014" y="1" z="2.63559e-007"/>
                        <binormal x="2.39632e-006" y="-2.63559e-007" z="1"/>
                    </vertex>
                    <vertex>
                        <position x="0.169615" y="-0.212018" z="0.467568"/>
                        <normal x="-1.01052e-012" y="-1" z="3.59448e-006"/>
                        <texcoord u="0.410156" v="0.650391"/>
                        <tangent x="-1" y="6.31574e-014" z="-2.63559e-007"/>
                        <binormal x="-2.63559e-007" y="3.59448e-006" z="1"/>
                    </vertex>
                    <vertex>
                        <position x="-0.169614" y="-0.212018" z="0.467568"/>
                        <normal x="-1.01052e-012" y="-1" z="3.59448e-006"/>
                        <texcoord u="0.648438" v="0.650391"/>
                        <tangent x="-1" y="6.31573e-014" z="-2.63559e-007"/>
                        <binormal x="-2.63559e-007" y="3.59448e-006" z="1"/>
                    </vertex>
                    <vertex>
                        <position x="-0.169614" y="-0.212018" z="0.427771"/>
                        <normal x="-1.01052e-012" y="-1" z="3.59448e-006"/>
                        <texcoord u="0.648438" v="0.623047"/>
                        <tangent x="-1" y="6.31574e-014" z="-2.63559e-007"/>
                        <binormal x="-2.63559e-007" y="3.59448e-006" z="1"/>
                    </vertex>
                    <vertex>
                        <position x="-0.169614" y="-0.212018" z="0.427771"/>
                        <normal x="1.01051e-012" y="-1" z="3.59447e-006"/>
                        <texcoord u="0.648438" v="0.623047"/>
                        <tangent x="-1" y="-6.31571e-014" z="2.63559e-007"/>
                        <binormal x="2.63559e-007" y="3.59447e-006" z="1"/>
                    </vertex>
                    <vertex>
                        <position x="0.169615" y="-0.212018" z="0.427771"/>
                        <normal x="1.01051e-012" y="-1" z="3.59447e-006"/>
                        <texcoord u="0.410156" v="0.623047"/>
                        <tangent x="-1" y="-6.31571e-014" z="2.63559e-007"/>
                        <binormal x="2.63559e-007" y="3.59447e-006" z="1"/>
                    </vertex>
                    <vertex>
                        <position x="0.169615" y="-0.212018" z="0.467568"/>
                        <normal x="1.01051e-012" y="-1" z="3.59447e-006"/>
                        <texcoord u="0.410156" v="0.650391"/>
                        <tangent x="-1" y="-6.31571e-014" z="2.63559e-007"/>
                        <binormal x="2.63559e-007" y="3.59447e-006" z="1"/>
                    </vertex>
                    <vertex>
                        <position x="0.212019" y="0.169615" z="0.467569"/>
                        <normal x="1" y="2.02103e-012" z="-2.39632e-006"/>
                        <texcoord u="0.410156" v="0.650391"/>
                        <tangent x="1.26315e-013" y="-1" z="-7.90677e-007"/>
                        <binormal x="2.39632e-006" y="-7.90677e-007" z="1"/>
                    </vertex>
                    <vertex>
                        <position x="0.212019" y="-0.169614" z="0.467568"/>
                        <normal x="1" y="2.02103e-012" z="-2.39632e-006"/>
                        <texcoord u="0.648438" v="0.650391"/>
                        <tangent x="1.26315e-013" y="-1" z="-7.90677e-007"/>
                        <binormal x="2.39632e-006" y="-7.90677e-007" z="1"/>
                    </vertex>
                    <vertex>
                        <position x="0.212019" y="-0.169614" z="0.427771"/>
                        <normal x="1" y="2.02103e-012" z="-2.39632e-006"/>
                        <texcoord u="0.648438" v="0.623047"/>
                        <tangent x="1.26315e-013" y="-1" z="-7.90677e-007"/>
                        <binormal x="2.39632e-006" y="-7.90677e-007" z="1"/>
                    </vertex>
                    <vertex>
                        <position x="0.212019" y="-0.169614" z="0.427771"/>
                        <normal x="1" y="-6.73671e-013" z="-2.3963e-006"/>
                        <texcoord u="0.648438" v="0.623047"/>
                        <tangent x="1.68418e-013" y="-1" z="3.51412e-007"/>
                        <binormal x="2.3963e-006" y="3.51412e-007" z="1"/>
                    </vertex>
                    <vertex>
                        <position x="0.212019" y="0.169615" z="0.427771"/>
                        <normal x="1" y="-6.73671e-013" z="-2.3963e-006"/>
                        <texcoord u="0.410156" v="0.623047"/>
                        <tangent x="1.68418e-013" y="-1" z="3.51412e-007"/>
                        <binormal x="2.3963e-006" y="3.51412e-007" z="1"/>
                    </vertex>
                    <vertex>
                        <position x="0.212019" y="0.169615" z="0.467569"/>
                        <normal x="1" y="-6.73671e-013" z="-2.3963e-006"/>
                        <texcoord u="0.410156" v="0.650391"/>
                        <tangent x="1.68418e-013" y="-1" z="3.51412e-007"/>
                        <binormal x="2.3963e-006" y="3.51412e-007" z="1"/>
                    </vertex>
                    <vertex>
                        <position x="-0.212018" y="0.169615" z="0.467569"/>
                        <normal x="-0.707106" y="0.707107" z="-2.85816e-012"/>
                        <texcoord u="0.378906" v="0.650391"/>
                        <tangent x="0.707107" y="0.707106" z="0"/>
                        <binormal x="-2.02102e-012" y="2.02102e-012" z="1"/>
                    </vertex>
                    <vertex>
                        <position x="-0.169614" y="0.212019" z="0.467569"/>
                        <normal x="-0.707106" y="0.707107" z="-2.85816e-012"/>
                        <texcoord u="0.410156" v="0.650391"/>
                        <tangent x="0.707107" y="0.707106" z="8.51797e-020"/>
                        <binormal x="-2.02102e-012" y="2.02102e-012" z="1"/>
                    </vertex>
                    <vertex>
                        <position x="-0.169614" y="0.212019" z="0.427771"/>
                        <normal x="-0.707106" y="0.707107" z="-2.85816e-012"/>
                        <texcoord u="0.410156" v="0.623047"/>
                        <tangent x="0.707107" y="0.707106" z="0"/>
                        <binormal x="-2.02102e-012" y="2.02102e-012" z="1"/>
                    </vertex>
                    <vertex>
                        <position x="-0.169614" y="0.212019" z="0.427771"/>
                        <normal x="-0.707106" y="0.707107" z="4.2361e-007"/>
                        <texcoord u="0.410156" v="0.623047"/>
                        <tangent x="0.707107" y="0.707106" z="1.26245e-014"/>
                        <binormal x="2.99537e-007" y="-2.99537e-007" z="1"/>
                    </vertex>
                    <vertex>
                        <position x="-0.212018" y="0.169615" z="0.427771"/>
                        <normal x="-0.707106" y="0.707107" z="4.2361e-007"/>
                        <texcoord u="0.378906" v="0.623047"/>
                        <tangent x="0.707107" y="0.707106" z="2.52491e-014"/>
                        <binormal x="2.99537e-007" y="-2.99537e-007" z="1"/>
                    </vertex>
                    <vertex>
                        <position x="-0.212018" y="0.169615" z="0.467569"/>
                        <normal x="-0.707106" y="0.707107" z="4.2361e-007"/>
                        <texcoord u="0.378906" v="0.650391"/>
                        <tangent x="0.707107" y="0.707106" z="0"/>
                        <binormal x="2.99537e-007" y="-2.99537e-007" z="1"/>
                    </vertex>
                    <vertex>
                        <position x="0.212019" y="0.169615" z="0.427771"/>
                        <normal x="0.707106" y="0.707107" z="-5.08332e-006"/>
                        <texcoord u="0.410156" v="0.623047"/>
                        <tangent x="0.707107" y="-0.707106" z="-1.98789e-006"/>
                        <binormal x="5.0001e-006" y="2.18881e-006" z="1"/>
                    </vertex>
                    <vertex>
                        <position x="0.169615" y="0.212019" z="0.427771"/>
                        <normal x="0.707106" y="0.707107" z="-5.08332e-006"/>
                        <texcoord u="0.378906" v="0.623047"/>
                        <tangent x="0.707107" y="-0.707106" z="-1.98789e-006"/>
                        <binormal x="5.0001e-006" y="2.18881e-006" z="1"/>
                    </vertex>
                    <vertex>
                        <position x="0.169615" y="0.212019" z="0.467569"/>
                        <normal x="0.707106" y="0.707107" z="-5.08332e-006"/>
                        <texcoord u="0.378906" v="0.650391"/>
                        <tangent x="0.707107" y="-0.707106" z="-1.98789e-006"/>
                        <binormal x="5.0001e-006" y="2.18881e-006" z="1"/>
                    </vertex>
                    <vertex>
                        <position x="0.169615" y="0.212019" z="0.467569"/>
                        <normal x="0.707107" y="0.707106" z="-2.96527e-006"/>
                        <texcoord u="0.378906" v="0.650391"/>
                        <tangent x="0.707106" y="-0.707107" z="-1.98789e-006"/>
                        <binormal x="3.50241e-006" y="6.91112e-007" z="1"/>
                    </vertex>
                    <vertex>
                        <position x="0.212019" y="0.169615" z="0.467569"/>
                        <normal x="0.707107" y="0.707106" z="-2.96527e-006"/>
                        <texcoord u="0.410156" v="0.650391"/>
                        <tangent x="0.707106" y="-0.707107" z="-1.98789e-006"/>
                        <binormal x="3.50241e-006" y="6.91112e-007" z="1"/>
                    </vertex>
                    <vertex>
                        <position x="0.212019" y="0.169615" z="0.427771"/>
                        <normal x="0.707107" y="0.707106" z="-2.96527e-006"/>
                        <texcoord u="0.410156" v="0.623047"/>
                        <tangent x="0.707106" y="-0.707107" z="-1.98789e-006"/>
                        <binormal x="3.50241e-006" y="6.91112e-007" z="1"/>
                    </vertex>
                    <vertex>
                        <position x="-0.169614" y="-0.212018" z="0.467568"/>
                        <normal x="-0.707106" y="-0.707107" z="2.9653e-006"/>
                        <texcoord u="0.378906" v="0.650391"/>
                        <tangent x="-0.707107" y="0.707106" z="1.49092e-006"/>
                        <binormal x="3.15102e-006" y="1.04255e-006" z="1"/>
                    </vertex>
                    <vertex>
                        <position x="-0.212018" y="-0.169614" z="0.467568"/>
                        <normal x="-0.707106" y="-0.707107" z="2.9653e-006"/>
                        <texcoord u="0.410156" v="0.650391"/>
                        <tangent x="-0.707107" y="0.707106" z="1.49092e-006"/>
                        <binormal x="3.15102e-006" y="1.04255e-006" z="1"/>
                    </vertex>
                    <vertex>
                        <position x="-0.212018" y="-0.169614" z="0.427771"/>
                        <normal x="-0.707106" y="-0.707107" z="2.9653e-006"/>
                        <texcoord u="0.410156" v="0.623047"/>
                        <tangent x="-0.707107" y="0.707106" z="1.49091e-006"/>
                        <binormal x="3.15102e-006" y="1.04255e-006" z="1"/>
                    </vertex>
                    <vertex>
                        <position x="-0.212018" y="-0.169614" z="0.427771"/>
                        <normal x="-0.707107" y="-0.707106" z="5.08337e-006"/>
                        <texcoord u="0.410156" v="0.623047"/>
                        <tangent x="-0.707106" y="0.707107" z="1.98789e-006"/>
                        <binormal x="5.00013e-006" y="2.18883e-006" z="1"/>
                    </vertex>
                    <vertex>
                        <position x="-0.169614" y="-0.212018" z="0.427771"/>
                        <normal x="-0.707107" y="-0.707106" z="5.08337e-006"/>
                        <texcoord u="0.378906" v="0.623047"/>
                        <tangent x="-0.707106" y="0.707107" z="1.98789e-006"/>
                        <binormal x="5.00013e-006" y="2.18883e-006" z="1"/>
                    </vertex>
                    <vertex>
                        <position x="-0.169614" y="-0.212018" z="0.467568"/>
                        <normal x="-0.707107" y="-0.707106" z="5.08337e-006"/>
                        <texcoord u="0.378906" v="0.650391"/>
                        <tangent x="-0.707106" y="0.707107" z="1.98789e-006"/>
                        <binormal x="5.00013e-006" y="2.18883e-006" z="1"/>
                    </vertex>
                    <vertex>
                        <position x="0.212019" y="-0.169614" z="0.467568"/>
                        <normal x="0.707107" y="-0.707107" z="-1.42908e-012"/>
                        <texcoord u="0.378906" v="0.650391"/>
                        <tangent x="-0.707107" y="-0.707107" z="4.25899e-020"/>
                        <binormal x="1.01051e-012" y="-1.01051e-012" z="1"/>
                    </vertex>
                    <vertex>
                        <position x="0.169615" y="-0.212018" z="0.467568"/>
                        <normal x="0.707107" y="-0.707107" z="-1.42908e-012"/>
                        <texcoord u="0.410156" v="0.650391"/>
                        <tangent x="-0.707107" y="-0.707107" z="4.25899e-020"/>
                        <binormal x="1.01051e-012" y="-1.01051e-012" z="1"/>
                    </vertex>
                    <vertex>
                        <position x="0.169615" y="-0.212018" z="0.427771"/>
                        <normal x="0.707107" y="-0.707107" z="-1.42908e-012"/>
                        <texcoord u="0.410156" v="0.623047"/>
                        <tangent x="-0.707107" y="-0.707107" z="4.25899e-020"/>
                        <binormal x="1.01051e-012" y="-1.01051e-012" z="1"/>
                    </vertex>
                    <vertex>
                        <position x="0.169615" y="-0.212018" z="0.427771"/>
                        <normal x="0.707107" y="-0.707106" z="-4.23616e-007"/>
                        <texcoord u="0.410156" v="0.623047"/>
                        <tangent x="-0.707106" y="-0.707107" z="-3.4788e-006"/>
                        <binormal x="-2.16034e-006" y="-2.75943e-006" z="1"/>
                    </vertex>
                    <vertex>
                        <position x="0.212019" y="-0.169614" z="0.427771"/>
                        <normal x="0.707107" y="-0.707106" z="-4.23616e-007"/>
                        <texcoord u="0.378906" v="0.623047"/>
                        <tangent x="-0.707106" y="-0.707107" z="-3.4788e-006"/>
                        <binormal x="-2.16034e-006" y="-2.75943e-006" z="1"/>
                    </vertex>
                    <vertex>
                        <position x="0.212019" y="-0.169614" z="0.467568"/>
                        <normal x="0.707107" y="-0.707106" z="-4.23616e-007"/>
                        <texcoord u="0.378906" v="0.650391"/>
                        <tangent x="-0.707106" y="-0.707107" z="-3.4788e-006"/>
                        <binormal x="-2.16034e-006" y="-2.75943e-006" z="1"/>
                    </vertex>
                    <vertex>
                        <position x="-0.199999" y="0.25" z="0.5"/>
                        <normal x="-4.17626e-013" y="1" z="1.75165e-006"/>
                        <texcoord u="0.0429688" v="0.636719"/>
                        <tangent x="1" y="-1.04406e-013" z="2.98023e-007"/>
                        <binormal x="-2.98023e-007" y="-1.75165e-006" z="1"/>
                    </vertex>
                    <vertex>
                        <position x="0.200001" y="0.25" z="0.5"/>
                        <normal x="-4.17626e-013" y="1" z="1.75165e-006"/>
                        <texcoord u="0.328125" v="0.636719"/>
                        <tangent x="1" y="-1.04406e-013" z="2.98023e-007"/>
                        <binormal x="-2.98023e-007" y="-1.75165e-006" z="1"/>
                    </vertex>
                    <vertex>
                        <position x="0.200001" y="0.250001" z="0.459167"/>
                        <normal x="-4.17626e-013" y="1" z="1.75165e-006"/>
                        <texcoord u="0.328125" v="0.609375"/>
                        <tangent x="1" y="-1.04406e-013" z="2.98023e-007"/>
                        <binormal x="-2.98023e-007" y="-1.75165e-006" z="1"/>
                    </vertex>
                    <vertex>
                        <position x="0.200001" y="0.250001" z="0.459167"/>
                        <normal x="-4.17626e-013" y="1" z="1.75165e-006"/>
                        <texcoord u="0.328125" v="0.609375"/>
                        <tangent x="1" y="2.61016e-014" z="2.23517e-007"/>
                        <binormal x="-2.23517e-007" y="-1.75165e-006" z="1"/>
                    </vertex>
                    <vertex>
                        <position x="-0.199999" y="0.250001" z="0.459167"/>
                        <normal x="-4.17626e-013" y="1" z="1.75165e-006"/>
                        <texcoord u="0.0429688" v="0.609375"/>
                        <tangent x="1" y="2.61016e-014" z="2.23517e-007"/>
                        <binormal x="-2.23517e-007" y="-1.75165e-006" z="1"/>
                    </vertex>
                    <vertex>
                        <position x="-0.199999" y="0.25" z="0.5"/>
                        <normal x="-4.17626e-013" y="1" z="1.75165e-006"/>
                        <texcoord u="0.0429688" v="0.636719"/>
                        <tangent x="1" y="2.61015e-014" z="2.23517e-007"/>
                        <binormal x="-2.23517e-007" y="-1.75165e-006" z="1"/>
                    </vertex>
                    <vertex>
                        <position x="-0.249999" y="-0.199999" z="0.5"/>
                        <normal x="-1" y="-4.17626e-013" z="5.83883e-007"/>
                        <texcoord u="0.0429688" v="0.636719"/>
                        <tangent x="-2.61016e-014" y="1" z="6.70552e-007"/>
                        <binormal x="5.83883e-007" y="-6.70552e-007" z="1"/>
                    </vertex>
                    <vertex>
                        <position x="-0.249999" y="0.2" z="0.5"/>
                        <normal x="-1" y="-4.17626e-013" z="5.83883e-007"/>
                        <texcoord u="0.328125" v="0.636719"/>
                        <tangent x="-2.61017e-014" y="1" z="6.70552e-007"/>
                        <binormal x="5.83883e-007" y="-6.70552e-007" z="1"/>
                    </vertex>
                    <vertex>
                        <position x="-0.249999" y="0.200001" z="0.459167"/>
                        <normal x="-1" y="-4.17626e-013" z="5.83883e-007"/>
                        <texcoord u="0.328125" v="0.609375"/>
                        <tangent x="-2.61016e-014" y="1" z="6.70552e-007"/>
                        <binormal x="5.83883e-007" y="-6.70552e-007" z="1"/>
                    </vertex>
                    <vertex>
                        <position x="-0.249999" y="0.200001" z="0.459167"/>
                        <normal x="-1" y="-4.17626e-013" z="5.83883e-007"/>
                        <texcoord u="0.328125" v="0.609375"/>
                        <tangent x="1.74011e-014" y="1" z="7.45058e-007"/>
                        <binormal x="5.83883e-007" y="-7.45058e-007" z="1"/>
                    </vertex>
                    <vertex>
                        <position x="-0.249999" y="-0.199999" z="0.459167"/>
                        <normal x="-1" y="-4.17626e-013" z="5.83883e-007"/>
                        <texcoord u="0.0429688" v="0.609375"/>
                        <tangent x="1.74011e-014" y="1" z="7.45058e-007"/>
                        <binormal x="5.83883e-007" y="-7.45058e-007" z="1"/>
                    </vertex>
                    <vertex>
                        <position x="-0.249999" y="-0.199999" z="0.5"/>
                        <normal x="-1" y="-4.17626e-013" z="5.83883e-007"/>
                        <texcoord u="0.0429688" v="0.636719"/>
                        <tangent x="1.74011e-014" y="1" z="7.45058e-007"/>
                        <binormal x="5.83883e-007" y="-7.45058e-007" z="1"/>
                    </vertex>
                    <vertex>
                        <position x="0.200001" y="-0.25" z="0.5"/>
                        <normal x="4.17626e-013" y="-1" z="-1.75165e-006"/>
                        <texcoord u="0.0429688" v="0.636719"/>
                        <tangent x="-1" y="1.04406e-013" z="-2.98023e-007"/>
                        <binormal x="-2.98023e-007" y="-1.75165e-006" z="1"/>
                    </vertex>
                    <vertex>
                        <position x="-0.199999" y="-0.25" z="0.5"/>
                        <normal x="4.17626e-013" y="-1" z="-1.75165e-006"/>
                        <texcoord u="0.328125" v="0.636719"/>
                        <tangent x="-1" y="1.04406e-013" z="-2.98023e-007"/>
                        <binormal x="-2.98023e-007" y="-1.75165e-006" z="1"/>
                    </vertex>
                    <vertex>
                        <position x="-0.199999" y="-0.249999" z="0.459167"/>
                        <normal x="4.17626e-013" y="-1" z="-1.75165e-006"/>
                        <texcoord u="0.328125" v="0.609375"/>
                        <tangent x="-1" y="1.04406e-013" z="-2.98023e-007"/>
                        <binormal x="-2.98023e-007" y="-1.75165e-006" z="1"/>
                    </vertex>
                    <vertex>
                        <position x="-0.199999" y="-0.249999" z="0.459167"/>
                        <normal x="4.17626e-013" y="-1" z="-1.75165e-006"/>
                        <texcoord u="0.328125" v="0.609375"/>
                        <tangent x="-1" y="-2.61015e-014" z="-2.23517e-007"/>
                        <binormal x="-2.23517e-007" y="-1.75165e-006" z="1"/>
                    </vertex>
                    <vertex>
                        <position x="0.200001" y="-0.249999" z="0.459167"/>
                        <normal x="4.17626e-013" y="-1" z="-1.75165e-006"/>
                        <texcoord u="0.0429688" v="0.609375"/>
                        <tangent x="-1" y="-2.61016e-014" z="-2.23517e-007"/>
                        <binormal x="-2.23517e-007" y="-1.75165e-006" z="1"/>
                    </vertex>
                    <vertex>
                        <position x="0.200001" y="-0.25" z="0.5"/>
                        <normal x="4.17626e-013" y="-1" z="-1.75165e-006"/>
                        <texcoord u="0.0429688" v="0.636719"/>
                        <tangent x="-1" y="-2.61015e-014" z="-2.23517e-007"/>
                        <binormal x="-2.23517e-007" y="-1.75165e-006" z="1"/>
                    </vertex>
                    <vertex>
                        <position x="0.250001" y="0.2" z="0.5"/>
                        <normal x="1" y="4.17626e-013" z="-5.83883e-007"/>
                        <texcoord u="0.0429688" v="0.636719"/>
                        <tangent x="2.61016e-014" y="-1" z="-6.70552e-007"/>
                        <binormal x="5.83883e-007" y="-6.70552e-007" z="1"/>
                    </vertex>
                    <vertex>
                        <position x="0.250001" y="-0.199999" z="0.5"/>
                        <normal x="1" y="4.17626e-013" z="-5.83883e-007"/>
                        <texcoord u="0.328125" v="0.636719"/>
                        <tangent x="2.61016e-014" y="-1" z="-6.70552e-007"/>
                        <binormal x="5.83883e-007" y="-6.70552e-007" z="1"/>
                    </vertex>
                    <vertex>
                        <position x="0.250001" y="-0.199999" z="0.459167"/>
                        <normal x="1" y="4.17626e-013" z="-5.83883e-007"/>
                        <texcoord u="0.328125" v="0.609375"/>
                        <tangent x="2.61016e-014" y="-1" z="-6.70552e-007"/>
                        <binormal x="5.83883e-007" y="-6.70552e-007" z="1"/>
                    </vertex>
                    <vertex>
                        <position x="0.250001" y="-0.199999" z="0.459167"/>
                        <normal x="1" y="4.17626e-013" z="-5.83883e-007"/>
                        <texcoord u="0.328125" v="0.609375"/>
                        <tangent x="-1.74011e-014" y="-1" z="-7.45058e-007"/>
                        <binormal x="5.83883e-007" y="-7.45058e-007" z="1"/>
                    </vertex>
                    <vertex>
                        <position x="0.250001" y="0.200001" z="0.459167"/>
                        <normal x="1" y="4.17626e-013" z="-5.83883e-007"/>
                        <texcoord u="0.0429688" v="0.609375"/>
                        <tangent x="-1.74011e-014" y="-1" z="-7.45058e-007"/>
                        <binormal x="5.83883e-007" y="-7.45058e-007" z="1"/>
                    </vertex>
                    <vertex>
                        <position x="0.250001" y="0.2" z="0.5"/>
                        <normal x="1" y="4.17626e-013" z="-5.83883e-007"/>
                        <texcoord u="0.0429688" v="0.636719"/>
                        <tangent x="-1.74011e-014" y="-1" z="-7.45058e-007"/>
                        <binormal x="5.83883e-007" y="-7.45058e-007" z="1"/>
                    </vertex>
                    <vertex>
                        <position x="-0.249999" y="0.2" z="0.5"/>
                        <normal x="-0.707107" y="0.707107" z="1.65147e-006"/>
                        <texcoord u="0.0078125" v="0.636719"/>
                        <tangent x="0.707107" y="0.707106" z="4.92177e-014"/>
                        <binormal x="1.16777e-006" y="-1.16777e-006" z="1"/>
                    </vertex>
                    <vertex>
                        <position x="-0.199999" y="0.25" z="0.5"/>
                        <normal x="-0.707107" y="0.707107" z="1.65147e-006"/>
                        <texcoord u="0.0429688" v="0.636719"/>
                        <tangent x="0.707107" y="0.707107" z="0"/>
                        <binormal x="1.16777e-006" y="-1.16777e-006" z="1"/>
                    </vertex>
                    <vertex>
                        <position x="-0.199999" y="0.250001" z="0.459167"/>
                        <normal x="-0.707107" y="0.707107" z="1.65147e-006"/>
                        <texcoord u="0.0429688" v="0.609375"/>
                        <tangent x="0.707107" y="0.707106" z="4.92177e-014"/>
                        <binormal x="1.16777e-006" y="-1.16777e-006" z="1"/>
                    </vertex>
                    <vertex>
                        <position x="-0.199999" y="0.250001" z="0.459167"/>
                        <normal x="-0.707107" y="0.707107" z="1.65147e-006"/>
                        <texcoord u="0.0429688" v="0.609375"/>
                        <tangent x="0.707107" y="0.707107" z="-1.47653e-013"/>
                        <binormal x="1.16777e-006" y="-1.16777e-006" z="1"/>
                    </vertex>
                    <vertex>
                        <position x="-0.249999" y="0.200001" z="0.459167"/>
                        <normal x="-0.707107" y="0.707107" z="1.65147e-006"/>
                        <texcoord u="0.0078125" v="0.609375"/>
                        <tangent x="0.707107" y="0.707107" z="-4.92177e-014"/>
                        <binormal x="1.16777e-006" y="-1.16777e-006" z="1"/>
                    </vertex>
                    <vertex>
                        <position x="-0.249999" y="0.2" z="0.5"/>
                        <normal x="-0.707107" y="0.707107" z="1.65147e-006"/>
                        <texcoord u="0.0078125" v="0.636719"/>
                        <tangent x="0.707107" y="0.707107" z="-4.92177e-014"/>
                        <binormal x="1.16777e-006" y="-1.16777e-006" z="1"/>
                    </vertex>
                    <vertex>
                        <position x="0.200001" y="0.25" z="0.5"/>
                        <normal x="0.707107" y="0.707107" z="8.25735e-007"/>
                        <texcoord u="0.0078125" v="0.636719"/>
                        <tangent x="0.707107" y="-0.707107" z="-1.68587e-006"/>
                        <binormal x="6.0821e-007" y="-1.77598e-006" z="1"/>
                    </vertex>
                    <vertex>
                        <position x="0.250001" y="0.2" z="0.5"/>
                        <normal x="0.707107" y="0.707107" z="8.25735e-007"/>
                        <texcoord u="0.0429688" v="0.636719"/>
                        <tangent x="0.707107" y="-0.707107" z="-1.68587e-006"/>
                        <binormal x="6.0821e-007" y="-1.77598e-006" z="1"/>
                    </vertex>
                    <vertex>
                        <position x="0.250001" y="0.200001" z="0.459167"/>
                        <normal x="0.707107" y="0.707107" z="8.25735e-007"/>
                        <texcoord u="0.0429688" v="0.609375"/>
                        <tangent x="0.707107" y="-0.707107" z="-1.68587e-006"/>
                        <binormal x="6.0821e-007" y="-1.77598e-006" z="1"/>
                    </vertex>
                    <vertex>
                        <position x="0.250001" y="0.200001" z="0.459167"/>
                        <normal x="0.707107" y="0.707107" z="1.2386e-006"/>
                        <texcoord u="0.0429688" v="0.609375"/>
                        <tangent x="0.707107" y="-0.707107" z="-1.26441e-006"/>
                        <binormal x="1.82451e-008" y="-1.76989e-006" z="1"/>
                    </vertex>
                    <vertex>
                        <position x="0.200001" y="0.250001" z="0.459167"/>
                        <normal x="0.707107" y="0.707107" z="1.2386e-006"/>
                        <texcoord u="0.0078125" v="0.609375"/>
                        <tangent x="0.707107" y="-0.707107" z="-1.26441e-006"/>
                        <binormal x="1.82451e-008" y="-1.76989e-006" z="1"/>
                    </vertex>
                    <vertex>
                        <position x="0.200001" y="0.25" z="0.5"/>
                        <normal x="0.707107" y="0.707107" z="1.2386e-006"/>
                        <texcoord u="0.0078125" v="0.636719"/>
                        <tangent x="0.707107" y="-0.707107" z="-1.26441e-006"/>
                        <binormal x="1.8245e-008" y="-1.76989e-006" z="1"/>
                    </vertex>
                    <vertex>
                        <position x="-0.199999" y="-0.25" z="0.5"/>
                        <normal x="-0.707107" y="-0.707107" z="6.19301e-007"/>
                        <texcoord u="0.0078125" v="0.636719"/>
                        <tangent x="-0.707107" y="0.707107" z="1.68587e-006"/>
                        <binormal x="1.63e-006" y="-7.5418e-007" z="1"/>
                    </vertex>
                    <vertex>
                        <position x="-0.249999" y="-0.199999" z="0.5"/>
                        <normal x="-0.707107" y="-0.707107" z="6.19301e-007"/>
                        <texcoord u="0.0429688" v="0.636719"/>
                        <tangent x="-0.707107" y="0.707107" z="1.68587e-006"/>
                        <binormal x="1.63e-006" y="-7.5418e-007" z="1"/>
                    </vertex>
                    <vertex>
                        <position x="-0.249999" y="-0.199999" z="0.459167"/>
                        <normal x="-0.707107" y="-0.707107" z="6.19301e-007"/>
                        <texcoord u="0.0429688" v="0.609375"/>
                        <tangent x="-0.707107" y="0.707107" z="1.68587e-006"/>
                        <binormal x="1.63e-006" y="-7.5418e-007" z="1"/>
                    </vertex>
                    <vertex>
                        <position x="-0.249999" y="-0.199999" z="0.459167"/>
                        <normal x="-0.707106" y="-0.707107" z="-8.25737e-007"/>
                        <texcoord u="0.0429688" v="0.609375"/>
                        <tangent x="-0.707107" y="0.707106" z="1.26441e-006"/>
                        <binormal x="3.10187e-007" y="-1.47795e-006" z="1"/>
                    </vertex>
                    <vertex>
                        <position x="-0.199999" y="-0.249999" z="0.459167"/>
                        <normal x="-0.707106" y="-0.707107" z="-8.25737e-007"/>
                        <texcoord u="0.0078125" v="0.609375"/>
                        <tangent x="-0.707107" y="0.707106" z="1.26441e-006"/>
                        <binormal x="3.10187e-007" y="-1.47795e-006" z="1"/>
                    </vertex>
                    <vertex>
                        <position x="-0.199999" y="-0.25" z="0.5"/>
                        <normal x="-0.707106" y="-0.707107" z="-8.25737e-007"/>
                        <texcoord u="0.0078125" v="0.636719"/>
                        <tangent x="-0.707107" y="0.707106" z="1.26441e-006"/>
                        <binormal x="3.10187e-007" y="-1.47795e-006" z="1"/>
                    </vertex>
                    <vertex>
                        <position x="0.250001" y="-0.199999" z="0.5"/>
                        <normal x="0.707107" y="-0.707107" z="-1.2386e-006"/>
                        <texcoord u="0.0078125" v="0.636719"/>
                        <tangent x="-0.707107" y="-0.707107" z="-2.58393e-013"/>
                        <binormal x="8.75824e-007" y="-8.75824e-007" z="1"/>
                    </vertex>
                    <vertex>
                        <position x="0.200001" y="-0.25" z="0.5"/>
                        <normal x="0.707107" y="-0.707107" z="-1.2386e-006"/>
                        <texcoord u="0.0429688" v="0.636719"/>
                        <tangent x="-0.707107" y="-0.707107" z="-2.95306e-013"/>
                        <binormal x="8.75824e-007" y="-8.75824e-007" z="1"/>
                    </vertex>
                    <vertex>
                        <position x="0.200001" y="-0.249999" z="0.459167"/>
                        <normal x="0.707107" y="-0.707107" z="-1.2386e-006"/>
                        <texcoord u="0.0429688" v="0.609375"/>
                        <tangent x="-0.707107" y="-0.707107" z="-2.58393e-013"/>
                        <binormal x="8.75824e-007" y="-8.75824e-007" z="1"/>
                    </vertex>
                    <vertex>
                        <position x="0.200001" y="-0.249999" z="0.459167"/>
                        <normal x="0.707107" y="-0.707107" z="-2.06434e-007"/>
                        <texcoord u="0.0429688" v="0.609375"/>
                        <tangent x="-0.707107" y="-0.707107" z="-6.1522e-015"/>
                        <binormal x="1.45971e-007" y="-1.45971e-007" z="1"/>
                    </vertex>
                    <vertex>
                        <position x="0.250001" y="-0.199999" z="0.459167"/>
                        <normal x="0.707107" y="-0.707107" z="-2.06434e-007"/>
                        <texcoord u="0.0078125" v="0.609375"/>
                        <tangent x="-0.707107" y="-0.707107" z="-1.84566e-014"/>
                        <binormal x="1.45971e-007" y="-1.45971e-007" z="1"/>
                    </vertex>
                    <vertex>
                        <position x="0.250001" y="-0.199999" z="0.5"/>
                        <normal x="0.707107" y="-0.707107" z="-2.06434e-007"/>
                        <texcoord u="0.0078125" v="0.636719"/>
                        <tangent x="-0.707107" y="-0.707107" z="-1.23044e-014"/>
                        <binormal x="1.45971e-007" y="-1.45971e-007" z="1"/>
                    </vertex>
                    <vertex>
                        <position x="0.200001" y="0.250001" z="0.459167"/>
                        <normal x="2.8113e-007" y="-2.24903e-007" z="-1"/>
                        <texcoord u="0.0429688" v="0.253906"/>
                        <tangent x="-1" y="-3.95169e-015" z="-2.8113e-007"/>
                        <binormal x="-5.92754e-014" y="-1" z="2.24903e-007"/>
                    </vertex>
                    <vertex>
                        <position x="0.169615" y="0.212019" z="0.459167"/>
                        <normal x="2.8113e-007" y="-2.24903e-007" z="-1"/>
                        <texcoord u="0.0645514" v="0.278909"/>
                        <tangent x="-1" y="-3.95169e-015" z="-2.8113e-007"/>
                        <binormal x="-5.92754e-014" y="-1" z="2.24903e-007"/>
                    </vertex>
                    <vertex>
                        <position x="-0.169614" y="0.212019" z="0.459167"/>
                        <normal x="2.8113e-007" y="-2.24903e-007" z="-1"/>
                        <texcoord u="0.306542" v="0.278909"/>
                        <tangent x="-1" y="-3.95169e-015" z="-2.8113e-007"/>
                        <binormal x="-5.92754e-014" y="-1" z="2.24903e-007"/>
                    </vertex>
                    <vertex>
                        <position x="-0.169614" y="0.212019" z="0.459167"/>
                        <normal x="2.38419e-007" y="1.90735e-007" z="-1"/>
                        <texcoord u="0.306542" v="0.278909"/>
                        <tangent x="-1" y="2.84217e-015" z="-2.38419e-007"/>
                        <binormal x="4.26326e-014" y="-1" z="-1.90735e-007"/>
                    </vertex>
                    <vertex>
                        <position x="-0.199999" y="0.250001" z="0.459167"/>
                        <normal x="2.38419e-007" y="1.90735e-007" z="-1"/>
                        <texcoord u="0.328125" v="0.253906"/>
                        <tangent x="-1" y="2.84217e-015" z="-2.38419e-007"/>
                        <binormal x="4.26326e-014" y="-1" z="-1.90735e-007"/>
                    </vertex>
                    <vertex>
                        <position x="0.200001" y="0.250001" z="0.459167"/>
                        <normal x="2.38419e-007" y="1.90735e-007" z="-1"/>
                        <texcoord u="0.0429688" v="0.253906"/>
                        <tangent x="-1" y="2.84217e-015" z="-2.38419e-007"/>
                        <binormal x="4.26326e-014" y="-1" z="-1.90735e-007"/>
                    </vertex>
                    <vertex>
                        <position x="-0.249999" y="0.200001" z="0.459167"/>
                        <normal x="6.74712e-007" y="8.43389e-007" z="-1"/>
                        <texcoord u="0.363281" v="0.289063"/>
                        <tangent x="-0.999994" y="0.00343142" z="-6.71814e-007"/>
                        <binormal x="-0.00343142" y="-0.999994" z="-8.45699e-007"/>
                    </vertex>
                    <vertex>
                        <position x="-0.212018" y="0.169615" z="0.459167"/>
                        <normal x="6.74712e-007" y="8.43389e-007" z="-1"/>
                        <texcoord u="0.338279" v="0.310645"/>
                        <tangent x="-0.999994" y="0.00343142" z="-6.71814e-007"/>
                        <binormal x="-0.00343142" y="-0.999994" z="-8.45699e-007"/>
                    </vertex>
                    <vertex>
                        <position x="-0.212018" y="-0.169614" z="0.459167"/>
                        <normal x="6.74712e-007" y="8.43389e-007" z="-1"/>
                        <texcoord u="0.338279" v="0.552636"/>
                        <tangent x="-0.999994" y="0.00343142" z="-6.71814e-007"/>
                        <binormal x="-0.00343142" y="-0.999994" z="-8.45699e-007"/>
                    </vertex>
                    <vertex>
                        <position x="-0.212018" y="-0.169614" z="0.459167"/>
                        <normal x="-5.72205e-007" y="7.15256e-007" z="-1"/>
                        <texcoord u="0.338279" v="0.552636"/>
                        <tangent x="-0.999996" y="-0.00290974" z="5.70121e-007"/>
                        <binormal x="0.00290974" y="-0.999996" z="-7.16918e-007"/>
                    </vertex>
                    <vertex>
                        <position x="-0.249999" y="-0.199999" z="0.459167"/>
                        <normal x="-5.72205e-007" y="7.15256e-007" z="-1"/>
                        <texcoord u="0.363281" v="0.574219"/>
                        <tangent x="-0.999996" y="-0.00290974" z="5.70121e-007"/>
                        <binormal x="0.00290974" y="-0.999996" z="-7.16918e-007"/>
                    </vertex>
                    <vertex>
                        <position x="-0.249999" y="0.200001" z="0.459167"/>
                        <normal x="-5.72205e-007" y="7.15256e-007" z="-1"/>
                        <texcoord u="0.363281" v="0.289063"/>
                        <tangent x="-0.999996" y="-0.00290974" z="5.70121e-007"/>
                        <binormal x="0.00290974" y="-0.999996" z="-7.16918e-007"/>
                    </vertex>
                    <vertex>
                        <position x="-0.199999" y="-0.249999" z="0.459167"/>
                        <normal x="2.8113e-007" y="-2.24904e-007" z="-1"/>
                        <texcoord u="0.328125" v="0.609375"/>
                        <tangent x="-1" y="-3.9517e-015" z="-2.8113e-007"/>
                        <binormal x="-5.92755e-014" y="-1" z="2.24904e-007"/>
                    </vertex>
                    <vertex>
                        <position x="-0.169614" y="-0.212018" z="0.459167"/>
                        <normal x="2.8113e-007" y="-2.24904e-007" z="-1"/>
                        <texcoord u="0.306542" v="0.584373"/>
                        <tangent x="-1" y="-3.9517e-015" z="-2.8113e-007"/>
                        <binormal x="-5.92755e-014" y="-1" z="2.24904e-007"/>
                    </vertex>
                    <vertex>
                        <position x="0.169615" y="-0.212018" z="0.459167"/>
                        <normal x="2.8113e-007" y="-2.24904e-007" z="-1"/>
                        <texcoord u="0.0645514" v="0.584373"/>
                        <tangent x="-1" y="-3.9517e-015" z="-2.8113e-007"/>
                        <binormal x="-5.92755e-014" y="-1" z="2.24904e-007"/>
                    </vertex>
                    <vertex>
                        <position x="0.169615" y="-0.212018" z="0.459167"/>
                        <normal x="2.38419e-007" y="1.90735e-007" z="-1"/>
                        <texcoord u="0.0645514" v="0.584373"/>
                        <tangent x="-1" y="2.84217e-015" z="-2.38419e-007"/>
                        <binormal x="4.26326e-014" y="-1" z="-1.90735e-007"/>
                    </vertex>
                    <vertex>
                        <position x="0.200001" y="-0.249999" z="0.459167"/>
                        <normal x="2.38419e-007" y="1.90735e-007" z="-1"/>
                        <texcoord u="0.0429688" v="0.609375"/>
                        <tangent x="-1" y="2.84217e-015" z="-2.38419e-007"/>
                        <binormal x="4.26326e-014" y="-1" z="-1.90735e-007"/>
                    </vertex>
                    <vertex>
                        <position x="-0.199999" y="-0.249999" z="0.459167"/>
                        <normal x="2.38419e-007" y="1.90735e-007" z="-1"/>
                        <texcoord u="0.328125" v="0.609375"/>
                        <tangent x="-1" y="2.84217e-015" z="-2.38419e-007"/>
                        <binormal x="4.26326e-014" y="-1" z="-1.90735e-007"/>
                    </vertex>
                    <vertex>
                        <position x="0.250001" y="-0.199999" z="0.459167"/>
                        <normal x="6.74712e-007" y="8.43389e-007" z="-1"/>
                        <texcoord u="0.0078125" v="0.574219"/>
                        <tangent x="-0.999994" y="0.00342883" z="-6.71816e-007"/>
                        <binormal x="-0.00342883" y="-0.999994" z="-8.45698e-007"/>
                    </vertex>
                    <vertex>
                        <position x="0.212019" y="-0.169614" z="0.459167"/>
                        <normal x="6.74712e-007" y="8.43389e-007" z="-1"/>
                        <texcoord u="0.0328149" v="0.552636"/>
                        <tangent x="-0.999994" y="0.00342883" z="-6.71816e-007"/>
                        <binormal x="-0.00342883" y="-0.999994" z="-8.45698e-007"/>
                    </vertex>
                    <vertex>
                        <position x="0.212019" y="0.169615" z="0.459167"/>
                        <normal x="6.74712e-007" y="8.43389e-007" z="-1"/>
                        <texcoord u="0.0328149" v="0.310645"/>
                        <tangent x="-0.999994" y="0.00342883" z="-6.71816e-007"/>
                        <binormal x="-0.00342883" y="-0.999994" z="-8.45698e-007"/>
                    </vertex>
                    <vertex>
                        <position x="0.212019" y="0.169615" z="0.459167"/>
                        <normal x="-5.72205e-007" y="7.15256e-007" z="-1"/>
                        <texcoord u="0.0328149" v="0.310645"/>
                        <tangent x="-0.999996" y="-0.00291225" z="5.7012e-007"/>
                        <binormal x="0.00291225" y="-0.999996" z="-7.16919e-007"/>
                    </vertex>
                    <vertex>
                        <position x="0.250001" y="0.200001" z="0.459167"/>
                        <normal x="-5.72205e-007" y="7.15256e-007" z="-1"/>
                        <texcoord u="0.0078125" v="0.289063"/>
                        <tangent x="-0.999996" y="-0.00291225" z="5.7012e-007"/>
                        <binormal x="0.00291225" y="-0.999996" z="-7.16919e-007"/>
                    </vertex>
                    <vertex>
                        <position x="0.250001" y="-0.199999" z="0.459167"/>
                        <normal x="-5.72205e-007" y="7.15256e-007" z="-1"/>
                        <texcoord u="0.0078125" v="0.574219"/>
                        <tangent x="-0.999996" y="-0.00291225" z="5.7012e-007"/>
                        <binormal x="0.00291225" y="-0.999996" z="-7.16919e-007"/>
                    </vertex>
                    <vertex>
                        <position x="-0.199999" y="0.250001" z="0.459167"/>
                        <normal x="0" y="0" z="-1"/>
                        <texcoord u="0.328125" v="0.253906"/>
                        <tangent x="-0.997437" y="0.0715468" z="0"/>
                        <binormal x="-0.0715468" y="-0.997437" z="-0"/>
                    </vertex>
                    <vertex>
                        <position x="-0.169614" y="0.212019" z="0.459167"/>
                        <normal x="0" y="0" z="-1"/>
                        <texcoord u="0.306542" v="0.278909"/>
                        <tangent x="-0.997437" y="0.0715468" z="0"/>
                        <binormal x="-0.0715468" y="-0.997437" z="-0"/>
                    </vertex>
                    <vertex>
                        <position x="-0.212018" y="0.169615" z="0.459167"/>
                        <normal x="0" y="0" z="-1"/>
                        <texcoord u="0.338279" v="0.310645"/>
                        <tangent x="-0.997437" y="0.0715468" z="0"/>
                        <binormal x="-0.0715468" y="-0.997437" z="-0"/>
                    </vertex>
                    <vertex>
                        <position x="-0.212018" y="0.169615" z="0.459167"/>
                        <normal x="0" y="0" z="-1"/>
                        <texcoord u="0.338279" v="0.310645"/>
                        <tangent x="-0.99999" y="-0.00451205" z="0"/>
                        <binormal x="0.00451205" y="-0.99999" z="0"/>
                    </vertex>
                    <vertex>
                        <position x="-0.249999" y="0.200001" z="0.459167"/>
                        <normal x="0" y="0" z="-1"/>
                        <texcoord u="0.363281" v="0.289063"/>
                        <tangent x="-0.99999" y="-0.00451206" z="0"/>
                        <binormal x="0.00451206" y="-0.99999" z="0"/>
                    </vertex>
                    <vertex>
                        <position x="-0.199999" y="0.250001" z="0.459167"/>
                        <normal x="0" y="0" z="-1"/>
                        <texcoord u="0.328125" v="0.253906"/>
                        <tangent x="-0.99999" y="-0.00451206" z="0"/>
                        <binormal x="0.00451206" y="-0.99999" z="0"/>
                    </vertex>
                    <vertex>
                        <position x="0.169615" y="0.212019" z="0.459167"/>
                        <normal x="-1.05964e-006" y="8.4771e-007" z="-1"/>
                        <texcoord u="0.0645514" v="0.278909"/>
                        <tangent x="-0.999326" y="-0.0367169" z="1.0278e-006"/>
                        <binormal x="0.0367169" y="-0.999326" z="-8.86045e-007"/>
                    </vertex>
                    <vertex>
                        <position x="0.200001" y="0.250001" z="0.459167"/>
                        <normal x="-1.05964e-006" y="8.4771e-007" z="-1"/>
                        <texcoord u="0.0429688" v="0.253906"/>
                        <tangent x="-0.999326" y="-0.0367169" z="1.0278e-006"/>
                        <binormal x="0.0367169" y="-0.999326" z="-8.86045e-007"/>
                    </vertex>
                    <vertex>
                        <position x="0.250001" y="0.200001" z="0.459167"/>
                        <normal x="-1.05964e-006" y="8.4771e-007" z="-1"/>
                        <texcoord u="0.0078125" v="0.289063"/>
                        <tangent x="-0.999326" y="-0.0367169" z="1.0278e-006"/>
                        <binormal x="0.0367169" y="-0.999326" z="-8.86045e-007"/>
                    </vertex>
                    <vertex>
                        <position x="0.250001" y="0.200001" z="0.459167"/>
                        <normal x="-9.99573e-007" y="1.24947e-006" z="-1"/>
                        <texcoord u="0.0078125" v="0.289063"/>
                        <tangent x="-0.999732" y="-0.0231694" z="9.70356e-007"/>
                        <binormal x="0.0231694" y="-0.999732" z="-1.27229e-006"/>
                    </vertex>
                    <vertex>
                        <position x="0.212019" y="0.169615" z="0.459167"/>
                        <normal x="-9.99573e-007" y="1.24947e-006" z="-1"/>
                        <texcoord u="0.0328149" v="0.310645"/>
                        <tangent x="-0.999732" y="-0.0231694" z="9.70356e-007"/>
                        <binormal x="0.0231694" y="-0.999732" z="-1.27229e-006"/>
                    </vertex>
                    <vertex>
                        <position x="0.169615" y="0.212019" z="0.459167"/>
                        <normal x="-9.99573e-007" y="1.24947e-006" z="-1"/>
                        <texcoord u="0.0645514" v="0.278909"/>
                        <tangent x="-0.999732" y="-0.0231694" z="9.70356e-007"/>
                        <binormal x="0.0231694" y="-0.999732" z="-1.27229e-006"/>
                    </vertex>
                    <vertex>
                        <position x="-0.249999" y="-0.199999" z="0.459167"/>
                        <normal x="-9.99572e-007" y="1.24946e-006" z="-1"/>
                        <texcoord u="0.363281" v="0.574219"/>
                        <tangent x="-0.999732" y="-0.0231681" z="9.70356e-007"/>
                        <binormal x="0.0231681" y="-0.999732" z="-1.27229e-006"/>
                    </vertex>
                    <vertex>
                        <position x="-0.212018" y="-0.169614" z="0.459167"/>
                        <normal x="-9.99572e-007" y="1.24946e-006" z="-1"/>
                        <texcoord u="0.338279" v="0.552636"/>
                        <tangent x="-0.999732" y="-0.0231681" z="9.70356e-007"/>
                        <binormal x="0.0231681" y="-0.999732" z="-1.27229e-006"/>
                    </vertex>
                    <vertex>
                        <position x="-0.169614" y="-0.212018" z="0.459167"/>
                        <normal x="-9.99572e-007" y="1.24946e-006" z="-1"/>
                        <texcoord u="0.306542" v="0.584373"/>
                        <tangent x="-0.999732" y="-0.0231681" z="9.70356e-007"/>
                        <binormal x="0.0231681" y="-0.999732" z="-1.27229e-006"/>
                    </vertex>
                    <vertex>
                        <position x="-0.169614" y="-0.212018" z="0.459167"/>
                        <normal x="-1.05964e-006" y="8.47711e-007" z="-1"/>
                        <texcoord u="0.306542" v="0.584373"/>
                        <tangent x="-0.999326" y="-0.0367152" z="1.0278e-006"/>
                        <binormal x="0.0367152" y="-0.999326" z="-8.86044e-007"/>
                    </vertex>
                    <vertex>
                        <position x="-0.199999" y="-0.249999" z="0.459167"/>
                        <normal x="-1.05964e-006" y="8.47711e-007" z="-1"/>
                        <texcoord u="0.328125" v="0.609375"/>
                        <tangent x="-0.999326" y="-0.0367152" z="1.0278e-006"/>
                        <binormal x="0.0367152" y="-0.999326" z="-8.86044e-007"/>
                    </vertex>
                    <vertex>
                        <position x="-0.249999" y="-0.199999" z="0.459167"/>
                        <normal x="-1.05964e-006" y="8.47711e-007" z="-1"/>
                        <texcoord u="0.363281" v="0.574219"/>
                        <tangent x="-0.999326" y="-0.0367152" z="1.0278e-006"/>
                        <binormal x="0.0367152" y="-0.999326" z="-8.86044e-007"/>
                    </vertex>
                    <vertex>
                        <position x="0.200001" y="-0.249999" z="0.459167"/>
                        <normal x="0" y="0" z="-1"/>
                        <texcoord u="0.0429688" v="0.609375"/>
                        <tangent x="-0.997437" y="0.071545" z="0"/>
                        <binormal x="-0.071545" y="-0.997437" z="-0"/>
                    </vertex>
                    <vertex>
                        <position x="0.169615" y="-0.212018" z="0.459167"/>
                        <normal x="0" y="0" z="-1"/>
                        <texcoord u="0.0645514" v="0.584373"/>
                        <tangent x="-0.997437" y="0.071545" z="0"/>
                        <binormal x="-0.071545" y="-0.997437" z="-0"/>
                    </vertex>
                    <vertex>
                        <position x="0.212019" y="-0.169614" z="0.459167"/>
                        <normal x="0" y="0" z="-1"/>
                        <texcoord u="0.0328149" v="0.552636"/>
                        <tangent x="-0.997437" y="0.071545" z="0"/>
                        <binormal x="-0.071545" y="-0.997437" z="-0"/>
                    </vertex>
                    <vertex>
                        <position x="0.212019" y="-0.169614" z="0.459167"/>
                        <normal x="0" y="0" z="-1"/>
                        <texcoord u="0.0328149" v="0.552636"/>
                        <tangent x="-0.99999" y="-0.00451287" z="0"/>
                        <binormal x="0.00451287" y="-0.99999" z="0"/>
                    </vertex>
                    <vertex>
                        <position x="0.250001" y="-0.199999" z="0.459167"/>
                        <normal x="0" y="0" z="-1"/>
                        <texcoord u="0.0078125" v="0.574219"/>
                        <tangent x="-0.99999" y="-0.00451287" z="0"/>
                        <binormal x="0.00451287" y="-0.99999" z="0"/>
                    </vertex>
                    <vertex>
                        <position x="0.200001" y="-0.249999" z="0.459167"/>
                        <normal x="0" y="0" z="-1"/>
                        <texcoord u="0.0429688" v="0.609375"/>
                        <tangent x="-0.99999" y="-0.00451287" z="0"/>
                        <binormal x="0.00451287" y="-0.99999" z="0"/>
                    </vertex>
                    <vertex>
                        <position x="0.200001" y="0.25" z="0.5"/>
                        <normal x="-2.38419e-007" y="2.38419e-007" z="1"/>
                        <texcoord u="0.0429688" v="0.992188"/>
                        <tangent x="-1" y="1.42109e-014" z="-2.38419e-007"/>
                        <binormal x="7.10543e-014" y="1" z="-2.38419e-007"/>
                    </vertex>
                    <vertex>
                        <position x="-0.199999" y="0.25" z="0.5"/>
                        <normal x="-2.38419e-007" y="2.38419e-007" z="1"/>
                        <texcoord u="0.328125" v="0.992188"/>
                        <tangent x="-1" y="1.42109e-014" z="-2.38419e-007"/>
                        <binormal x="7.10543e-014" y="1" z="-2.38419e-007"/>
                    </vertex>
                    <vertex>
                        <position x="-0.249999" y="0.2" z="0.5"/>
                        <normal x="-2.38419e-007" y="2.38419e-007" z="1"/>
                        <texcoord u="0.363281" v="0.957031"/>
                        <tangent x="-1" y="1.42109e-014" z="-2.38419e-007"/>
                        <binormal x="7.10543e-014" y="1" z="-2.38419e-007"/>
                    </vertex>
                    <vertex>
                        <position x="-0.249999" y="0.2" z="0.5"/>
                        <normal x="0" y="-1.90735e-006" z="1"/>
                        <texcoord u="0.363281" v="0.957031"/>
                        <tangent x="-1" y="0" z="0"/>
                        <binormal x="0" y="1" z="1.90735e-006"/>
                    </vertex>
                    <vertex>
                        <position x="0.250001" y="0.2" z="0.5"/>
                        <normal x="0" y="-1.90735e-006" z="1"/>
                        <texcoord u="0.0078125" v="0.957031"/>
                        <tangent x="-1" y="0" z="0"/>
                        <binormal x="0" y="1" z="1.90735e-006"/>
                    </vertex>
                    <vertex>
                        <position x="0.200001" y="0.25" z="0.5"/>
                        <normal x="0" y="-1.90735e-006" z="1"/>
                        <texcoord u="0.0429688" v="0.992188"/>
                        <tangent x="-1" y="0" z="0"/>
                        <binormal x="0" y="1" z="1.90735e-006"/>
                    </vertex>
                    <vertex>
                        <position x="-0.249999" y="-0.199999" z="0.5"/>
                        <normal x="0" y="-7.15256e-007" z="1"/>
                        <texcoord u="0.363281" v="0.671875"/>
                        <tangent x="-1" y="0" z="0"/>
                        <binormal x="0" y="1" z="7.15256e-007"/>
                    </vertex>
                    <vertex>
                        <position x="0.250001" y="-0.199999" z="0.5"/>
                        <normal x="0" y="-7.15256e-007" z="1"/>
                        <texcoord u="0.0078125" v="0.671875"/>
                        <tangent x="-1" y="0" z="0"/>
                        <binormal x="0" y="1" z="7.15256e-007"/>
                    </vertex>
                    <vertex>
                        <position x="0.250001" y="0.2" z="0.5"/>
                        <normal x="0" y="-7.15256e-007" z="1"/>
                        <texcoord u="0.0078125" v="0.957031"/>
                        <tangent x="-1" y="0" z="0"/>
                        <binormal x="0" y="1" z="7.15256e-007"/>
                    </vertex>
                    <vertex>
                        <position x="0.250001" y="0.2" z="0.5"/>
                        <normal x="0" y="-7.15256e-007" z="1"/>
                        <texcoord u="0.0078125" v="0.957031"/>
                        <tangent x="-1" y="0" z="0"/>
                        <binormal x="0" y="1" z="7.15256e-007"/>
                    </vertex>
                    <vertex>
                        <position x="-0.249999" y="0.2" z="0.5"/>
                        <normal x="0" y="-7.15256e-007" z="1"/>
                        <texcoord u="0.363281" v="0.957031"/>
                        <tangent x="-1" y="0" z="0"/>
                        <binormal x="0" y="1" z="7.15256e-007"/>
                    </vertex>
                    <vertex>
                        <position x="-0.249999" y="-0.199999" z="0.5"/>
                        <normal x="0" y="-7.15256e-007" z="1"/>
                        <texcoord u="0.363281" v="0.671875"/>
                        <tangent x="-1" y="0" z="0"/>
                        <binormal x="0" y="1" z="7.15256e-007"/>
                    </vertex>
                    <vertex>
                        <position x="-0.169614" y="0.212019" z="0.427771"/>
                        <normal x="-2.8113e-007" y="1.96791e-006" z="-1"/>
                        <texcoord u="0.648438" v="0.322266"/>
                        <tangent x="-1" y="-3.45774e-014" z="2.8113e-007"/>
                        <binormal x="-5.18661e-013" y="-1" z="-1.96791e-006"/>
                    </vertex>
                    <vertex>
                        <position x="0.169615" y="0.212019" z="0.427771"/>
                        <normal x="-2.8113e-007" y="1.96791e-006" z="-1"/>
                        <texcoord u="0.410156" v="0.322266"/>
                        <tangent x="-1" y="-3.45775e-014" z="2.8113e-007"/>
                        <binormal x="-5.18661e-013" y="-1" z="-1.96791e-006"/>
                    </vertex>
                    <vertex>
                        <position x="0.212019" y="0.169615" z="0.427771"/>
                        <normal x="-2.8113e-007" y="1.96791e-006" z="-1"/>
                        <texcoord u="0.378906" v="0.349609"/>
                        <tangent x="-1" y="-3.45774e-014" z="2.8113e-007"/>
                        <binormal x="-5.18661e-013" y="-1" z="-1.96791e-006"/>
                    </vertex>
                    <vertex>
                        <position x="0.212019" y="0.169615" z="0.427771"/>
                        <normal x="-4.49808e-007" y="4.49808e-007" z="-1"/>
                        <texcoord u="0.378906" v="0.349609"/>
                        <tangent x="-1" y="1.89681e-014" z="4.49808e-007"/>
                        <binormal x="-2.21295e-013" y="-1" z="-4.49808e-007"/>
                    </vertex>
                    <vertex>
                        <position x="-0.212018" y="0.169615" z="0.427771"/>
                        <normal x="-4.49808e-007" y="4.49808e-007" z="-1"/>
                        <texcoord u="0.679688" v="0.349609"/>
                        <tangent x="-1" y="1.89682e-014" z="4.49808e-007"/>
                        <binormal x="-2.21295e-013" y="-1" z="-4.49808e-007"/>
                    </vertex>
                    <vertex>
                        <position x="-0.169614" y="0.212019" z="0.427771"/>
                        <normal x="-4.49808e-007" y="4.49808e-007" z="-1"/>
                        <texcoord u="0.648438" v="0.322266"/>
                        <tangent x="-1" y="1.89681e-014" z="4.49808e-007"/>
                        <binormal x="-2.21295e-013" y="-1" z="-4.49808e-007"/>
                    </vertex>
                    <vertex>
                        <position x="0.169615" y="-0.212018" z="0.427771"/>
                        <normal x="-2.8113e-007" y="1.96791e-006" z="-1"/>
                        <texcoord u="0.410156" v="0.623047"/>
                        <tangent x="-1" y="-3.45773e-014" z="2.8113e-007"/>
                        <binormal x="-5.18659e-013" y="-1" z="-1.96791e-006"/>
                    </vertex>
                    <vertex>
                        <position x="-0.169614" y="-0.212018" z="0.427771"/>
                        <normal x="-2.8113e-007" y="1.96791e-006" z="-1"/>
                        <texcoord u="0.648438" v="0.623047"/>
                        <tangent x="-1" y="-3.45773e-014" z="2.8113e-007"/>
                        <binormal x="-5.18659e-013" y="-1" z="-1.96791e-006"/>
                    </vertex>
                    <vertex>
                        <position x="-0.212018" y="-0.169614" z="0.427771"/>
                        <normal x="-2.8113e-007" y="1.96791e-006" z="-1"/>
                        <texcoord u="0.679688" v="0.591797"/>
                        <tangent x="-1" y="-3.45774e-014" z="2.8113e-007"/>
                        <binormal x="-5.18659e-013" y="-1" z="-1.96791e-006"/>
                    </vertex>
                    <vertex>
                        <position x="-0.212018" y="-0.169614" z="0.427771"/>
                        <normal x="0" y="4.49807e-006" z="-1"/>
                        <texcoord u="0.679688" v="0.591797"/>
                        <tangent x="-1" y="0" z="0"/>
                        <binormal x="-0" y="-1" z="-4.49807e-006"/>
                    </vertex>
                    <vertex>
                        <position x="0.212019" y="-0.169614" z="0.427771"/>
                        <normal x="0" y="4.49807e-006" z="-1"/>
                        <texcoord u="0.378906" v="0.591797"/>
                        <tangent x="-1" y="0" z="0"/>
                        <binormal x="-0" y="-1" z="-4.49807e-006"/>
                    </vertex>
                    <vertex>
                        <position x="0.169615" y="-0.212018" z="0.427771"/>
                        <normal x="0" y="4.49807e-006" z="-1"/>
                        <texcoord u="0.410156" v="0.623047"/>
                        <tangent x="-1" y="0" z="0"/>
                        <binormal x="-0" y="-1" z="-4.49807e-006"/>
                    </vertex>
                    <vertex>
                        <position x="0.212019" y="-0.169614" z="0.427771"/>
                        <normal x="0" y="2.8113e-007" z="-1"/>
                        <texcoord u="0.378906" v="0.591797"/>
                        <tangent x="-1" y="0" z="0"/>
                        <binormal x="-0" y="-1" z="-2.8113e-007"/>
                    </vertex>
                    <vertex>
                        <position x="-0.212018" y="-0.169614" z="0.427771"/>
                        <normal x="0" y="2.8113e-007" z="-1"/>
                        <texcoord u="0.679688" v="0.591797"/>
                        <tangent x="-1" y="0" z="0"/>
                        <binormal x="-0" y="-1" z="-2.8113e-007"/>
                    </vertex>
                    <vertex>
                        <position x="-0.212018" y="0.169615" z="0.427771"/>
                        <normal x="0" y="2.8113e-007" z="-1"/>
                        <texcoord u="0.679688" v="0.349609"/>
                        <tangent x="-1" y="0" z="0"/>
                        <binormal x="-0" y="-1" z="-2.8113e-007"/>
                    </vertex>
                    <vertex>
                        <position x="-0.212018" y="0.169615" z="0.427771"/>
                        <normal x="-4.49808e-007" y="-2.8113e-007" z="-1"/>
                        <texcoord u="0.679688" v="0.349609"/>
                        <tangent x="-1" y="-1.18551e-014" z="4.49808e-007"/>
                        <binormal x="1.38309e-013" y="-1" z="2.8113e-007"/>
                    </vertex>
                    <vertex>
                        <position x="0.212019" y="0.169615" z="0.427771"/>
                        <normal x="-4.49808e-007" y="-2.8113e-007" z="-1"/>
                        <texcoord u="0.378906" v="0.349609"/>
                        <tangent x="-1" y="-1.18551e-014" z="4.49808e-007"/>
                        <binormal x="1.38309e-013" y="-1" z="2.8113e-007"/>
                    </vertex>
                    <vertex>
                        <position x="0.212019" y="-0.169614" z="0.427771"/>
                        <normal x="-4.49808e-007" y="-2.8113e-007" z="-1"/>
                        <texcoord u="0.378906" v="0.591797"/>
                        <tangent x="-1" y="-1.18551e-014" z="4.49808e-007"/>
                        <binormal x="1.38309e-013" y="-1" z="2.8113e-007"/>
                    </vertex>
                </vertexbuffer>
            </geometry>
        </submesh>
    </submeshes>
    <submeshnames>
        <submeshname name="submesh0" index="0"/>
    </submeshnames>
</mesh>
