<mesh>
    <submeshes>
        <submesh material="cube" usesharedvertices="false" use32bitindexes="false" operationtype="triangle_list">
            <faces count="16">
                <face v1="0" v2="1" v3="2"/>
                <face v1="3" v2="4" v3="5"/>
                <face v1="6" v2="7" v3="8"/>
                <face v1="9" v2="10" v3="11"/>
                <face v1="12" v2="13" v3="14"/>
                <face v1="15" v2="16" v3="17"/>
                <face v1="18" v2="19" v3="20"/>
                <face v1="21" v2="22" v3="23"/>
                <face v1="24" v2="25" v3="26"/>
                <face v1="27" v2="28" v3="29"/>
                <face v1="30" v2="31" v3="32"/>
                <face v1="33" v2="34" v3="35"/>
                <face v1="9" v2="36" v3="10"/>
                <face v1="37" v2="38" v3="39"/>
                <face v1="40" v2="41" v3="42"/>
                <face v1="43" v2="44" v3="45"/>
            </faces>

            <geometry vertexcount="46">
                <vertexbuffer positions="true" normals="true" texture_coord_dimensions_0="float2" tangents="false" binormals="false" texture_coords="1">
            <vertex>
                <position x="0.737448" y="0.778404" z="0.415181"/>
                <normal x="-0.143205" y="0.748534" z="0.647448"/>
                <texcoord u="0.625000" v="0.500000"/>
            </vertex>
            <vertex>
                <position x="-0.732028" y="0.442891" z="0.478054"/>
                <normal x="-0.143205" y="0.748534" z="0.647448"/>
                <texcoord u="0.875000" v="0.500000"/>
            </vertex>
            <vertex>
                <position x="-0.079269" y="-0.026176" z="1.164735"/>
                <normal x="-0.143205" y="0.748534" z="0.647448"/>
                <texcoord u="0.749478" v="0.374478"/>
            </vertex>
            <vertex>
                <position x="0.613960" y="-0.535258" z="0.245091"/>
                <normal x="-0.031635" y="-0.999499" z="0.000000"/>
                <texcoord u="0.625000" v="0.250000"/>
            </vertex>
            <vertex>
                <position x="-0.500000" y="-0.500000" z="0.500000"/>
                <normal x="-0.031635" y="-0.999499" z="0.000000"/>
                <texcoord u="0.625000" v="0.000000"/>
            </vertex>
            <vertex>
                <position x="-0.500000" y="-0.500000" z="-0.500000"/>
                <normal x="-0.031635" y="-0.999499" z="0.000000"/>
                <texcoord u="0.375000" v="0.000000"/>
            </vertex>
            <vertex>
                <position x="-0.500000" y="-0.500000" z="-0.500000"/>
                <normal x="-0.972995" y="0.000000" z="-0.230828"/>
                <texcoord u="0.375000" v="1.000000"/>
            </vertex>
            <vertex>
                <position x="-0.732028" y="0.442891" z="0.478054"/>
                <normal x="-0.972995" y="0.000000" z="-0.230828"/>
                <texcoord u="0.625000" v="0.750000"/>
            </vertex>
            <vertex>
                <position x="-0.500000" y="0.500000" z="-0.500000"/>
                <normal x="-0.972995" y="0.000000" z="-0.230828"/>
                <texcoord u="0.375000" v="0.750000"/>
            </vertex>
            <vertex>
                <position x="0.500000" y="0.500000" z="-0.500000"/>
                <normal x="0.000000" y="0.000000" z="-1.000000"/>
                <texcoord u="0.375000" v="0.500000"/>
            </vertex>
            <vertex>
                <position x="-0.500000" y="-0.500000" z="-0.500000"/>
                <normal x="0.000000" y="0.000000" z="-1.000000"/>
                <texcoord u="0.125000" v="0.250000"/>
            </vertex>
            <vertex>
                <position x="-0.500000" y="0.500000" z="-0.500000"/>
                <normal x="0.000000" y="0.000000" z="-1.000000"/>
                <texcoord u="0.125000" v="0.500000"/>
            </vertex>
            <vertex>
                <position x="0.500000" y="0.500000" z="-0.500000"/>
                <normal x="0.988505" y="0.000000" z="-0.151190"/>
                <texcoord u="0.375000" v="0.500000"/>
            </vertex>
            <vertex>
                <position x="0.613960" y="-0.535258" z="0.245091"/>
                <normal x="0.988505" y="0.000000" z="-0.151190"/>
                <texcoord u="0.625000" v="0.250000"/>
            </vertex>
            <vertex>
                <position x="0.500000" y="-0.500000" z="-0.500000"/>
                <normal x="0.988505" y="0.000000" z="-0.151190"/>
                <texcoord u="0.375000" v="0.250000"/>
            </vertex>
            <vertex>
                <position x="-0.500000" y="0.500000" z="-0.500000"/>
                <normal x="0.000000" y="0.956712" z="-0.291038"/>
                <texcoord u="0.375000" v="0.750000"/>
            </vertex>
            <vertex>
                <position x="0.737448" y="0.778404" z="0.415181"/>
                <normal x="0.000000" y="0.956712" z="-0.291038"/>
                <texcoord u="0.625000" v="0.500000"/>
            </vertex>
            <vertex>
                <position x="0.500000" y="0.500000" z="-0.500000"/>
                <normal x="0.000000" y="0.956712" z="-0.291038"/>
                <texcoord u="0.375000" v="0.500000"/>
            </vertex>
            <vertex>
                <position x="-0.079269" y="-0.026176" z="1.164735"/>
                <normal x="-0.791679" y="0.607104" z="0.068334"/>
                <texcoord u="0.749478" v="0.374478"/>
            </vertex>
            <vertex>
                <position x="-0.500000" y="-0.500000" z="0.500000"/>
                <normal x="-0.791679" y="0.607104" z="0.068334"/>
                <texcoord u="0.875000" v="0.250000"/>
            </vertex>
            <vertex>
                <position x="-0.691380" y="-0.754663" z="0.545295"/>
                <normal x="-0.791679" y="0.607104" z="0.068334"/>
                <texcoord u="0.872922" v="0.250000"/>
            </vertex>
            <vertex>
                <position x="-0.691380" y="-0.754663" z="0.545295"/>
                <normal x="0.265984" y="-0.744344" z="0.612540"/>
                <texcoord u="0.872922" v="0.250000"/>
            </vertex>
            <vertex>
                <position x="0.613960" y="-0.535258" z="0.245091"/>
                <normal x="0.265984" y="-0.744344" z="0.612540"/>
                <texcoord u="0.625000" v="0.250000"/>
            </vertex>
            <vertex>
                <position x="-0.079269" y="-0.026176" z="1.164735"/>
                <normal x="0.265984" y="-0.744344" z="0.612540"/>
                <texcoord u="0.749478" v="0.374478"/>
            </vertex>
            <vertex>
                <position x="0.613960" y="-0.535258" z="0.245091"/>
                <normal x="0.746161" y="-0.154005" z="0.647709"/>
                <texcoord u="0.625000" v="0.250000"/>
            </vertex>
            <vertex>
                <position x="0.737448" y="0.778404" z="0.415181"/>
                <normal x="0.746161" y="-0.154005" z="0.647709"/>
                <texcoord u="0.625000" v="0.500000"/>
            </vertex>
            <vertex>
                <position x="-0.079269" y="-0.026176" z="1.164735"/>
                <normal x="0.746161" y="-0.154005" z="0.647709"/>
                <texcoord u="0.749478" v="0.374478"/>
            </vertex>
            <vertex>
                <position x="-0.500000" y="-0.500000" z="-0.500000"/>
                <normal x="-0.000000" y="-0.998882" z="-0.047267"/>
                <texcoord u="0.375000" v="0.000000"/>
            </vertex>
            <vertex>
                <position x="0.500000" y="-0.500000" z="-0.500000"/>
                <normal x="-0.000000" y="-0.998882" z="-0.047267"/>
                <texcoord u="0.375000" v="0.250000"/>
            </vertex>
            <vertex>
                <position x="0.613960" y="-0.535258" z="0.245091"/>
                <normal x="-0.000000" y="-0.998882" z="-0.047267"/>
                <texcoord u="0.625000" v="0.250000"/>
            </vertex>
            <vertex>
                <position x="0.613960" y="-0.535258" z="0.245091"/>
                <normal x="-0.223231" y="-0.005611" z="-0.974750"/>
                <texcoord u="0.625000" v="0.250000"/>
            </vertex>
            <vertex>
                <position x="-0.691380" y="-0.754663" z="0.545295"/>
                <normal x="-0.223231" y="-0.005611" z="-0.974750"/>
                <texcoord u="0.625000" v="0.002078"/>
            </vertex>
            <vertex>
                <position x="-0.500000" y="-0.500000" z="0.500000"/>
                <normal x="-0.223231" y="-0.005611" z="-0.974750"/>
                <texcoord u="0.625000" v="0.000000"/>
            </vertex>
            <vertex>
                <position x="-0.500000" y="-0.500000" z="-0.500000"/>
                <normal x="-0.971031" y="-0.238953" z="-0.000000"/>
                <texcoord u="0.375000" v="1.000000"/>
            </vertex>
            <vertex>
                <position x="-0.500000" y="-0.500000" z="0.500000"/>
                <normal x="-0.971031" y="-0.238953" z="-0.000000"/>
                <texcoord u="0.625000" v="1.000000"/>
            </vertex>
            <vertex>
                <position x="-0.732028" y="0.442891" z="0.478054"/>
                <normal x="-0.971031" y="-0.238953" z="-0.000000"/>
                <texcoord u="0.625000" v="0.750000"/>
            </vertex>
            <vertex>
                <position x="0.500000" y="-0.500000" z="-0.500000"/>
                <normal x="0.000000" y="0.000000" z="-1.000000"/>
                <texcoord u="0.375000" v="0.250000"/>
            </vertex>
            <vertex>
                <position x="0.500000" y="0.500000" z="-0.500000"/>
                <normal x="0.970503" y="-0.061031" z="-0.233236"/>
                <texcoord u="0.375000" v="0.500000"/>
            </vertex>
            <vertex>
                <position x="0.737448" y="0.778404" z="0.415181"/>
                <normal x="0.970503" y="-0.061031" z="-0.233236"/>
                <texcoord u="0.625000" v="0.500000"/>
            </vertex>
            <vertex>
                <position x="0.613960" y="-0.535258" z="0.245091"/>
                <normal x="0.970503" y="-0.061031" z="-0.233236"/>
                <texcoord u="0.625000" v="0.250000"/>
            </vertex>
            <vertex>
                <position x="-0.500000" y="0.500000" z="-0.500000"/>
                <normal x="-0.222422" y="0.974942" z="0.004161"/>
                <texcoord u="0.375000" v="0.750000"/>
            </vertex>
            <vertex>
                <position x="-0.732028" y="0.442891" z="0.478054"/>
                <normal x="-0.222422" y="0.974942" z="0.004161"/>
                <texcoord u="0.625000" v="0.750000"/>
            </vertex>
            <vertex>
                <position x="0.737448" y="0.778404" z="0.415181"/>
                <normal x="-0.222422" y="0.974942" z="0.004161"/>
                <texcoord u="0.625000" v="0.500000"/>
            </vertex>
            <vertex>
                <position x="-0.079269" y="-0.026176" z="1.164735"/>
                <normal x="-0.770590" y="-0.175366" z="0.612730"/>
                <texcoord u="0.749478" v="0.374478"/>
            </vertex>
            <vertex>
                <position x="-0.732028" y="0.442891" z="0.478054"/>
                <normal x="-0.770590" y="-0.175366" z="0.612730"/>
                <texcoord u="0.875000" v="0.500000"/>
            </vertex>
            <vertex>
                <position x="-0.500000" y="-0.500000" z="0.500000"/>
                <normal x="-0.770590" y="-0.175366" z="0.612730"/>
                <texcoord u="0.875000" v="0.250000"/>
            </vertex>

                </vertexbuffer>
            </geometry>
        </submesh>
    </submeshes>
    <submeshnames>
        <submeshname name="submesh0" index="0"/>
    </submeshnames>
</mesh>