<mesh>
    <submeshes>
        <submesh material="EpicSlope" usesharedvertices="false" use32bitindexes="false" operationtype="triangle_list">
            <faces count="8">
                <face v1="0" v2="1" v3="2"/>
                <face v1="3" v2="4" v3="5"/>
                <face v1="6" v2="7" v3="8"/>
                <face v1="9" v2="10" v3="11"/>
                <face v1="12" v2="13" v3="14"/>
                <face v1="0" v2="15" v3="1"/>
                <face v1="6" v2="16" v3="7"/>
                <face v1="12" v2="17" v3="13"/>
            </faces>

            <geometry vertexcount="18">
                <vertexbuffer positions="true" normals="true" texture_coord_dimensions_0="float2" tangents="false" binormals="false" texture_coords="1">
            <vertex>
                <position x="0.500000" y="0.500000" z="-0.500000"/>
                <normal x="0.000000" y="0.000000" z="-1.000000"/>
                <texcoord u="0.375000" v="0.500000"/>
            </vertex>
            <vertex>
                <position x="-0.500000" y="-0.500000" z="-0.500000"/>
                <normal x="0.000000" y="0.000000" z="-1.000000"/>
                <texcoord u="0.125000" v="0.250000"/>
            </vertex>
            <vertex>
                <position x="-0.500000" y="0.500000" z="-0.500000"/>
                <normal x="0.000000" y="0.000000" z="-1.000000"/>
                <texcoord u="0.125000" v="0.500000"/>
            </vertex>
            <vertex>
                <position x="0.500000" y="-0.500000" z="-0.500000"/>
                <normal x="0.000000" y="-1.000000" z="0.000000"/>
                <texcoord u="0.375000" v="0.250000"/>
            </vertex>
            <vertex>
                <position x="0.500000" y="-0.500000" z="0.000000"/>
                <normal x="0.000000" y="-1.000000" z="0.000000"/>
                <texcoord u="0.500000" v="0.250000"/>
            </vertex>
            <vertex>
                <position x="-0.500000" y="-0.500000" z="-0.500000"/>
                <normal x="0.000000" y="-1.000000" z="0.000000"/>
                <texcoord u="0.125000" v="0.250000"/>
            </vertex>
            <vertex>
                <position x="0.500000" y="0.500000" z="0.000000"/>
                <normal x="1.000000" y="0.000000" z="-0.000000"/>
                <texcoord u="0.500000" v="0.500000"/>
            </vertex>
            <vertex>
                <position x="0.500000" y="-0.500000" z="-0.500000"/>
                <normal x="1.000000" y="0.000000" z="-0.000000"/>
                <texcoord u="0.375000" v="0.250000"/>
            </vertex>
            <vertex>
                <position x="0.500000" y="0.500000" z="-0.500000"/>
                <normal x="1.000000" y="0.000000" z="-0.000000"/>
                <texcoord u="0.375000" v="0.500000"/>
            </vertex>
            <vertex>
                <position x="0.500000" y="0.500000" z="-0.500000"/>
                <normal x="-0.000000" y="1.000000" z="0.000000"/>
                <texcoord u="0.375000" v="0.500000"/>
            </vertex>
            <vertex>
                <position x="-0.500000" y="0.500000" z="-0.500000"/>
                <normal x="-0.000000" y="1.000000" z="0.000000"/>
                <texcoord u="0.125000" v="0.500000"/>
            </vertex>
            <vertex>
                <position x="0.500000" y="0.500000" z="0.000000"/>
                <normal x="-0.000000" y="1.000000" z="0.000000"/>
                <texcoord u="0.500000" v="0.500000"/>
            </vertex>
            <vertex>
                <position x="0.500000" y="-0.500000" z="0.000000"/>
                <normal x="-0.447214" y="0.000000" z="0.894427"/>
                <texcoord u="0.500000" v="0.250000"/>
            </vertex>
            <vertex>
                <position x="-0.500000" y="0.500000" z="-0.500000"/>
                <normal x="-0.447214" y="0.000000" z="0.894427"/>
                <texcoord u="0.125000" v="0.500000"/>
            </vertex>
            <vertex>
                <position x="-0.500000" y="-0.500000" z="-0.500000"/>
                <normal x="-0.447214" y="0.000000" z="0.894427"/>
                <texcoord u="0.125000" v="0.250000"/>
            </vertex>
            <vertex>
                <position x="0.500000" y="-0.500000" z="-0.500000"/>
                <normal x="0.000000" y="0.000000" z="-1.000000"/>
                <texcoord u="0.375000" v="0.250000"/>
            </vertex>
            <vertex>
                <position x="0.500000" y="-0.500000" z="0.000000"/>
                <normal x="1.000000" y="0.000000" z="0.000000"/>
                <texcoord u="0.500000" v="0.250000"/>
            </vertex>
            <vertex>
                <position x="0.500000" y="0.500000" z="0.000000"/>
                <normal x="-0.447214" y="0.000000" z="0.894427"/>
                <texcoord u="0.500000" v="0.500000"/>
            </vertex>

                </vertexbuffer>
            </geometry>
        </submesh>
    </submeshes>
    <submeshnames>
        <submeshname name="submesh0" index="0"/>
    </submeshnames>
</mesh>