<mesh>
    <submeshes>
        <submesh material="Spike" usesharedvertices="false" use32bitindexes="false" operationtype="triangle_list">
            <faces count="52">
                <face v1="0" v2="1" v3="2"/>
                <face v1="3" v2="4" v3="5"/>
                <face v1="6" v2="7" v3="8"/>
                <face v1="9" v2="10" v3="11"/>
                <face v1="12" v2="13" v3="14"/>
                <face v1="15" v2="16" v3="17"/>
                <face v1="18" v2="19" v3="20"/>
                <face v1="21" v2="22" v3="23"/>
                <face v1="24" v2="25" v3="26"/>
                <face v1="27" v2="28" v3="29"/>
                <face v1="30" v2="31" v3="32"/>
                <face v1="33" v2="34" v3="35"/>
                <face v1="36" v2="37" v3="38"/>
                <face v1="39" v2="40" v3="41"/>
                <face v1="42" v2="43" v3="44"/>
                <face v1="45" v2="46" v3="47"/>
                <face v1="48" v2="49" v3="50"/>
                <face v1="51" v2="52" v3="53"/>
                <face v1="54" v2="55" v3="56"/>
                <face v1="57" v2="58" v3="59"/>
                <face v1="60" v2="61" v3="62"/>
                <face v1="63" v2="64" v3="65"/>
                <face v1="66" v2="67" v3="68"/>
                <face v1="69" v2="70" v3="71"/>
                <face v1="72" v2="73" v3="74"/>
                <face v1="75" v2="76" v3="77"/>
                <face v1="78" v2="79" v3="80"/>
                <face v1="81" v2="82" v3="83"/>
                <face v1="84" v2="85" v3="86"/>
                <face v1="87" v2="88" v3="89"/>
                <face v1="90" v2="91" v3="92"/>
                <face v1="93" v2="94" v3="95"/>
                <face v1="96" v2="97" v3="98"/>
                <face v1="99" v2="100" v3="101"/>
                <face v1="102" v2="103" v3="104"/>
                <face v1="105" v2="106" v3="107"/>
                <face v1="108" v2="109" v3="110"/>
                <face v1="111" v2="112" v3="113"/>
                <face v1="114" v2="115" v3="116"/>
                <face v1="117" v2="118" v3="119"/>
                <face v1="120" v2="121" v3="122"/>
                <face v1="123" v2="124" v3="125"/>
                <face v1="126" v2="127" v3="128"/>
                <face v1="129" v2="130" v3="131"/>
                <face v1="132" v2="133" v3="134"/>
                <face v1="135" v2="136" v3="137"/>
                <face v1="138" v2="139" v3="140"/>
                <face v1="141" v2="142" v3="143"/>
                <face v1="144" v2="145" v3="146"/>
                <face v1="147" v2="148" v3="149"/>
                <face v1="150" v2="151" v3="152"/>
                <face v1="153" v2="154" v3="155"/>
            </faces>

            <geometry vertexcount="156">
                <vertexbuffer positions="true" normals="true" texture_coord_dimensions_0="float2" tangents="false" binormals="false" texture_coords="1">
            <vertex>
                <position x="-0.750912" y="-0.242428" z="4.195975"/>
                <normal x="-0.703978" y="-0.703978" z="-0.093967"/>
                <texcoord u="0.750000" v="0.375000"/>
            </vertex>
            <vertex>
                <position x="-0.500000" y="0.000000" z="0.500000"/>
                <normal x="-0.703978" y="-0.703978" z="-0.093967"/>
                <texcoord u="0.875000" v="0.375000"/>
            </vertex>
            <vertex>
                <position x="0.000000" y="-0.500000" z="0.500000"/>
                <normal x="-0.703978" y="-0.703978" z="-0.093967"/>
                <texcoord u="0.750000" v="0.250000"/>
            </vertex>
            <vertex>
                <position x="-0.040957" y="-5.806956" z="0.284817"/>
                <normal x="-0.706916" y="-0.023208" z="0.706916"/>
                <texcoord u="0.500000" v="0.125000"/>
            </vertex>
            <vertex>
                <position x="0.000000" y="-0.500000" z="0.500000"/>
                <normal x="-0.706916" y="-0.023208" z="0.706916"/>
                <texcoord u="0.625000" v="0.125000"/>
            </vertex>
            <vertex>
                <position x="-0.500000" y="-0.500000" z="0.000000"/>
                <normal x="-0.706916" y="-0.023208" z="0.706916"/>
                <texcoord u="0.500000" v="0.000000"/>
            </vertex>
            <vertex>
                <position x="-4.780666" y="-0.042155" z="0.353612"/>
                <normal x="-0.031130" y="0.706764" z="0.706764"/>
                <texcoord u="0.500000" v="0.875000"/>
            </vertex>
            <vertex>
                <position x="-0.500000" y="0.000000" z="0.500000"/>
                <normal x="-0.031130" y="0.706764" z="0.706764"/>
                <texcoord u="0.625000" v="0.875000"/>
            </vertex>
            <vertex>
                <position x="-0.500000" y="0.500000" z="0.000000"/>
                <normal x="-0.031130" y="0.706764" z="0.706764"/>
                <texcoord u="0.500000" v="0.750000"/>
            </vertex>
            <vertex>
                <position x="0.341860" y="0.009282" z="-3.985494"/>
                <normal x="0.706699" y="-0.706699" z="-0.033946"/>
                <texcoord u="0.250000" v="0.375000"/>
            </vertex>
            <vertex>
                <position x="0.500000" y="0.000000" z="-0.500000"/>
                <normal x="0.706699" y="-0.706699" z="-0.033946"/>
                <texcoord u="0.375000" v="0.375000"/>
            </vertex>
            <vertex>
                <position x="0.000000" y="-0.500000" z="-0.500000"/>
                <normal x="0.706699" y="-0.706699" z="-0.033946"/>
                <texcoord u="0.250000" v="0.250000"/>
            </vertex>
            <vertex>
                <position x="3.938706" y="-0.425650" z="-0.049842"/>
                <normal x="0.025529" y="-0.706876" z="0.706876"/>
                <texcoord u="0.500000" v="0.375000"/>
            </vertex>
            <vertex>
                <position x="0.500000" y="0.000000" z="0.500000"/>
                <normal x="0.025529" y="-0.706876" z="0.706876"/>
                <texcoord u="0.625000" v="0.375000"/>
            </vertex>
            <vertex>
                <position x="0.500000" y="-0.500000" z="0.000000"/>
                <normal x="0.025529" y="-0.706876" z="0.706876"/>
                <texcoord u="0.500000" v="0.250000"/>
            </vertex>
            <vertex>
                <position x="-0.353609" y="4.389333" z="-0.370487"/>
                <normal x="0.690221" y="0.217234" z="0.690221"/>
                <texcoord u="0.500000" v="0.625000"/>
            </vertex>
            <vertex>
                <position x="0.000000" y="0.500000" z="0.500000"/>
                <normal x="0.690221" y="0.217234" z="0.690221"/>
                <texcoord u="0.625000" v="0.625000"/>
            </vertex>
            <vertex>
                <position x="0.500000" y="0.500000" z="0.000000"/>
                <normal x="0.690221" y="0.217234" z="0.690221"/>
                <texcoord u="0.500000" v="0.500000"/>
            </vertex>
            <vertex>
                <position x="0.500000" y="0.500000" z="0.000000"/>
                <normal x="0.853052" y="-0.368986" z="-0.368986"/>
                <texcoord u="0.500000" v="0.500000"/>
            </vertex>
            <vertex>
                <position x="2.196014" y="2.109996" z="2.310989"/>
                <normal x="0.853052" y="-0.368986" z="-0.368986"/>
                <texcoord u="0.625000" v="0.500000"/>
            </vertex>
            <vertex>
                <position x="0.500000" y="0.000000" z="0.500000"/>
                <normal x="0.853052" y="-0.368986" z="-0.368986"/>
                <texcoord u="0.625000" v="0.375000"/>
            </vertex>
            <vertex>
                <position x="0.000000" y="0.500000" z="-0.500000"/>
                <normal x="0.706785" y="0.706785" z="-0.030185"/>
                <texcoord u="0.250000" v="0.500000"/>
            </vertex>
            <vertex>
                <position x="0.500000" y="0.000000" z="-0.500000"/>
                <normal x="0.706785" y="0.706785" z="-0.030185"/>
                <texcoord u="0.375000" v="0.375000"/>
            </vertex>
            <vertex>
                <position x="0.341860" y="0.009282" z="-3.985494"/>
                <normal x="0.706785" y="0.706785" z="-0.030185"/>
                <texcoord u="0.250000" v="0.375000"/>
            </vertex>
            <vertex>
                <position x="-0.500000" y="-0.500000" z="0.000000"/>
                <normal x="-0.017215" y="-0.707002" z="0.707002"/>
                <texcoord u="0.500000" v="1.000000"/>
            </vertex>
            <vertex>
                <position x="-0.500000" y="0.000000" z="0.500000"/>
                <normal x="-0.017215" y="-0.707002" z="0.707002"/>
                <texcoord u="0.625000" v="0.875000"/>
            </vertex>
            <vertex>
                <position x="-4.780666" y="-0.042155" z="0.353612"/>
                <normal x="-0.017215" y="-0.707002" z="0.707002"/>
                <texcoord u="0.500000" v="0.875000"/>
            </vertex>
            <vertex>
                <position x="-0.001435" y="0.500648" z="0.500467"/>
                <normal x="0.467482" y="0.843531" z="0.264418"/>
                <texcoord u="0.750060" v="0.500000"/>
            </vertex>
            <vertex>
                <position x="-0.750912" y="-0.242428" z="4.195975"/>
                <normal x="0.467482" y="0.843531" z="0.264418"/>
                <texcoord u="0.750000" v="0.375000"/>
            </vertex>
            <vertex>
                <position x="0.000000" y="0.500000" z="0.500000"/>
                <normal x="0.467482" y="0.843531" z="0.264418"/>
                <texcoord u="0.750000" v="0.500000"/>
            </vertex>
            <vertex>
                <position x="-3.514872" y="-3.354604" z="-2.086528"/>
                <normal x="-0.757101" y="0.461951" z="0.461951"/>
                <texcoord u="0.375000" v="1.000000"/>
            </vertex>
            <vertex>
                <position x="-0.548503" y="-0.545925" z="-0.033568"/>
                <normal x="-0.757101" y="0.461951" z="0.461951"/>
                <texcoord u="0.497989" v="1.000000"/>
            </vertex>
            <vertex>
                <position x="-0.500000" y="0.000000" z="-0.500000"/>
                <normal x="-0.757101" y="0.461951" z="0.461951"/>
                <texcoord u="0.375000" v="0.875000"/>
            </vertex>
            <vertex>
                <position x="3.783585" y="1.849093" z="-2.036744"/>
                <normal x="0.589151" y="-0.571359" z="0.571359"/>
                <texcoord u="0.375000" v="0.500000"/>
            </vertex>
            <vertex>
                <position x="0.500000" y="0.500000" z="0.000000"/>
                <normal x="0.589151" y="-0.571359" z="0.571359"/>
                <texcoord u="0.500000" v="0.500000"/>
            </vertex>
            <vertex>
                <position x="0.500000" y="0.000000" z="-0.500000"/>
                <normal x="0.589151" y="-0.571359" z="0.571359"/>
                <texcoord u="0.375000" v="0.375000"/>
            </vertex>
            <vertex>
                <position x="0.000000" y="0.500000" z="-0.500000"/>
                <normal x="0.704395" y="0.087498" z="-0.704395"/>
                <texcoord u="0.375000" v="0.625000"/>
            </vertex>
            <vertex>
                <position x="-0.353609" y="4.389333" z="-0.370487"/>
                <normal x="0.704395" y="0.087498" z="-0.704395"/>
                <texcoord u="0.500000" v="0.625000"/>
            </vertex>
            <vertex>
                <position x="0.500000" y="0.500000" z="0.000000"/>
                <normal x="0.704395" y="0.087498" z="-0.704395"/>
                <texcoord u="0.500000" v="0.500000"/>
            </vertex>
            <vertex>
                <position x="0.500000" y="0.000000" z="-0.500000"/>
                <normal x="0.005040" y="-0.707098" z="-0.707098"/>
                <texcoord u="0.375000" v="0.375000"/>
            </vertex>
            <vertex>
                <position x="3.938706" y="-0.425650" z="-0.049842"/>
                <normal x="0.005040" y="-0.707098" z="-0.707098"/>
                <texcoord u="0.500000" v="0.375000"/>
            </vertex>
            <vertex>
                <position x="0.500000" y="-0.500000" z="0.000000"/>
                <normal x="0.005040" y="-0.707098" z="-0.707098"/>
                <texcoord u="0.500000" v="0.250000"/>
            </vertex>
            <vertex>
                <position x="-0.500000" y="0.000000" z="-0.500000"/>
                <normal x="-0.726261" y="-0.486079" z="0.486079"/>
                <texcoord u="0.375000" v="0.875000"/>
            </vertex>
            <vertex>
                <position x="-0.500000" y="0.500000" z="0.000000"/>
                <normal x="-0.726261" y="-0.486079" z="0.486079"/>
                <texcoord u="0.500000" v="0.750000"/>
            </vertex>
            <vertex>
                <position x="-4.089719" y="2.845507" z="-3.017971"/>
                <normal x="-0.726261" y="-0.486079" z="0.486079"/>
                <texcoord u="0.375000" v="0.750000"/>
            </vertex>
            <vertex>
                <position x="0.000000" y="-0.500000" z="-0.500000"/>
                <normal x="-0.703659" y="-0.098630" z="-0.703659"/>
                <texcoord u="0.375000" v="0.125000"/>
            </vertex>
            <vertex>
                <position x="-0.040957" y="-5.806956" z="0.284817"/>
                <normal x="-0.703659" y="-0.098630" z="-0.703659"/>
                <texcoord u="0.500000" v="0.125000"/>
            </vertex>
            <vertex>
                <position x="-0.500000" y="-0.500000" z="0.000000"/>
                <normal x="-0.703659" y="-0.098630" z="-0.703659"/>
                <texcoord u="0.500000" v="0.000000"/>
            </vertex>
            <vertex>
                <position x="1.805024" y="-2.901666" z="-2.462385"/>
                <normal x="-0.473476" y="-0.742725" z="0.473476"/>
                <texcoord u="0.375000" v="0.250000"/>
            </vertex>
            <vertex>
                <position x="0.500000" y="-0.500000" z="0.000000"/>
                <normal x="-0.473476" y="-0.742725" z="0.473476"/>
                <texcoord u="0.500000" v="0.250000"/>
            </vertex>
            <vertex>
                <position x="0.000000" y="-0.500000" z="-0.500000"/>
                <normal x="-0.473476" y="-0.742725" z="0.473476"/>
                <texcoord u="0.375000" v="0.125000"/>
            </vertex>
            <vertex>
                <position x="-4.089719" y="2.845507" z="-3.017971"/>
                <normal x="0.317237" y="0.893712" z="0.317237"/>
                <texcoord u="0.375000" v="0.750000"/>
            </vertex>
            <vertex>
                <position x="-0.500000" y="0.500000" z="0.000000"/>
                <normal x="0.317237" y="0.893712" z="0.317237"/>
                <texcoord u="0.500000" v="0.750000"/>
            </vertex>
            <vertex>
                <position x="0.000000" y="0.500000" z="-0.500000"/>
                <normal x="0.317237" y="0.893712" z="0.317237"/>
                <texcoord u="0.375000" v="0.625000"/>
            </vertex>
            <vertex>
                <position x="2.196014" y="2.109996" z="2.310989"/>
                <normal x="-0.394767" y="-0.394767" z="0.829650"/>
                <texcoord u="0.625000" v="0.500000"/>
            </vertex>
            <vertex>
                <position x="0.000000" y="0.500000" z="0.500000"/>
                <normal x="-0.394767" y="-0.394767" z="0.829650"/>
                <texcoord u="0.750000" v="0.500000"/>
            </vertex>
            <vertex>
                <position x="0.500000" y="0.000000" z="0.500000"/>
                <normal x="-0.394767" y="-0.394767" z="0.829650"/>
                <texcoord u="0.625000" v="0.375000"/>
            </vertex>
            <vertex>
                <position x="-4.089719" y="2.845507" z="-3.017971"/>
                <normal x="0.342359" y="-0.342359" z="-0.874974"/>
                <texcoord u="0.125000" v="0.500000"/>
            </vertex>
            <vertex>
                <position x="0.000000" y="0.500000" z="-0.500000"/>
                <normal x="0.342359" y="-0.342359" z="-0.874974"/>
                <texcoord u="0.250000" v="0.500000"/>
            </vertex>
            <vertex>
                <position x="-0.500000" y="0.000000" z="-0.500000"/>
                <normal x="0.342359" y="-0.342359" z="-0.874974"/>
                <texcoord u="0.125000" v="0.375000"/>
            </vertex>
            <vertex>
                <position x="-0.500000" y="0.500000" z="0.000000"/>
                <normal x="0.307128" y="0.900747" z="-0.307128"/>
                <texcoord u="0.500000" v="0.750000"/>
            </vertex>
            <vertex>
                <position x="-2.965997" y="1.840834" z="1.466415"/>
                <normal x="0.307128" y="0.900747" z="-0.307128"/>
                <texcoord u="0.625000" v="0.750000"/>
            </vertex>
            <vertex>
                <position x="-0.001435" y="0.500648" z="0.500467"/>
                <normal x="0.307128" y="0.900747" z="-0.307128"/>
                <texcoord u="0.625000" v="0.625060"/>
            </vertex>
            <vertex>
                <position x="-0.500000" y="0.000000" z="-0.500000"/>
                <normal x="-0.696795" y="-0.696795" z="-0.170154"/>
                <texcoord u="0.125000" v="0.375000"/>
            </vertex>
            <vertex>
                <position x="0.341860" y="0.009282" z="-3.985494"/>
                <normal x="-0.696795" y="-0.696795" z="-0.170154"/>
                <texcoord u="0.250000" v="0.375000"/>
            </vertex>
            <vertex>
                <position x="0.000000" y="-0.500000" z="-0.500000"/>
                <normal x="-0.696795" y="-0.696795" z="-0.170154"/>
                <texcoord u="0.250000" v="0.250000"/>
            </vertex>
            <vertex>
                <position x="0.500000" y="-0.500000" z="0.000000"/>
                <normal x="0.706695" y="-0.034109" z="0.706695"/>
                <texcoord u="0.500000" v="0.250000"/>
            </vertex>
            <vertex>
                <position x="0.000000" y="-0.500000" z="0.500000"/>
                <normal x="0.706695" y="-0.034109" z="0.706695"/>
                <texcoord u="0.625000" v="0.125000"/>
            </vertex>
            <vertex>
                <position x="-0.040957" y="-5.806956" z="0.284817"/>
                <normal x="0.706695" y="-0.034109" z="0.706695"/>
                <texcoord u="0.500000" v="0.125000"/>
            </vertex>
            <vertex>
                <position x="0.500000" y="0.000000" z="0.500000"/>
                <normal x="-0.288139" y="0.288139" z="0.913210"/>
                <texcoord u="0.625000" v="0.375000"/>
            </vertex>
            <vertex>
                <position x="0.000000" y="-0.500000" z="0.500000"/>
                <normal x="-0.288139" y="0.288139" z="0.913210"/>
                <texcoord u="0.750000" v="0.250000"/>
            </vertex>
            <vertex>
                <position x="2.443033" y="-1.970554" z="1.734829"/>
                <normal x="-0.288139" y="0.288139" z="0.913210"/>
                <texcoord u="0.625000" v="0.250000"/>
            </vertex>
            <vertex>
                <position x="0.000000" y="-0.500000" z="0.500000"/>
                <normal x="0.252690" y="0.252690" z="0.933967"/>
                <texcoord u="0.750000" v="0.250000"/>
            </vertex>
            <vertex>
                <position x="-0.500000" y="0.000000" z="0.500000"/>
                <normal x="0.252690" y="0.252690" z="0.933967"/>
                <texcoord u="0.875000" v="0.375000"/>
            </vertex>
            <vertex>
                <position x="-2.092069" y="-2.586625" z="1.630571"/>
                <normal x="0.252690" y="0.252690" z="0.933967"/>
                <texcoord u="0.875000" v="0.250000"/>
            </vertex>
            <vertex>
                <position x="0.500000" y="0.000000" z="0.500000"/>
                <normal x="0.679902" y="0.679902" z="0.274711"/>
                <texcoord u="0.625000" v="0.375000"/>
            </vertex>
            <vertex>
                <position x="0.000000" y="0.500000" z="0.500000"/>
                <normal x="0.679902" y="0.679902" z="0.274711"/>
                <texcoord u="0.750000" v="0.500000"/>
            </vertex>
            <vertex>
                <position x="-0.750912" y="-0.242428" z="4.195975"/>
                <normal x="0.679902" y="0.679902" z="0.274711"/>
                <texcoord u="0.750000" v="0.375000"/>
            </vertex>
            <vertex>
                <position x="-0.500000" y="0.000000" z="0.500000"/>
                <normal x="0.213880" y="-0.213880" z="0.953158"/>
                <texcoord u="0.875000" v="0.375000"/>
            </vertex>
            <vertex>
                <position x="-0.001435" y="0.500648" z="0.500467"/>
                <normal x="0.213880" y="-0.213880" z="0.953158"/>
                <texcoord u="0.750060" v="0.500000"/>
            </vertex>
            <vertex>
                <position x="-2.965997" y="1.840834" z="1.466415"/>
                <normal x="0.213880" y="-0.213880" z="0.953158"/>
                <texcoord u="0.875000" v="0.500000"/>
            </vertex>
            <vertex>
                <position x="0.000000" y="-0.500000" z="0.500000"/>
                <normal x="0.694302" y="-0.694302" z="0.189447"/>
                <texcoord u="0.750000" v="0.250000"/>
            </vertex>
            <vertex>
                <position x="0.500000" y="0.000000" z="0.500000"/>
                <normal x="0.694302" y="-0.694302" z="0.189447"/>
                <texcoord u="0.625000" v="0.375000"/>
            </vertex>
            <vertex>
                <position x="-0.750912" y="-0.242428" z="4.195975"/>
                <normal x="0.694302" y="-0.694302" z="0.189447"/>
                <texcoord u="0.750000" v="0.375000"/>
            </vertex>
            <vertex>
                <position x="0.000000" y="0.500000" z="-0.500000"/>
                <normal x="-0.706521" y="-0.040708" z="-0.706521"/>
                <texcoord u="0.375000" v="0.625000"/>
            </vertex>
            <vertex>
                <position x="-0.500000" y="0.500000" z="0.000000"/>
                <normal x="-0.706521" y="-0.040708" z="-0.706521"/>
                <texcoord u="0.500000" v="0.750000"/>
            </vertex>
            <vertex>
                <position x="-0.353609" y="4.389333" z="-0.370487"/>
                <normal x="-0.706521" y="-0.040708" z="-0.706521"/>
                <texcoord u="0.500000" v="0.625000"/>
            </vertex>
            <vertex>
                <position x="0.500000" y="0.500000" z="0.000000"/>
                <normal x="-0.349337" y="0.869441" z="-0.349337"/>
                <texcoord u="0.500000" v="0.500000"/>
            </vertex>
            <vertex>
                <position x="0.000000" y="0.500000" z="0.500000"/>
                <normal x="-0.349337" y="0.869441" z="-0.349337"/>
                <texcoord u="0.625000" v="0.625000"/>
            </vertex>
            <vertex>
                <position x="2.196014" y="2.109996" z="2.310989"/>
                <normal x="-0.349337" y="0.869441" z="-0.349337"/>
                <texcoord u="0.625000" v="0.500000"/>
            </vertex>
            <vertex>
                <position x="0.500000" y="0.500000" z="0.000000"/>
                <normal x="-0.238690" y="0.941305" z="0.238690"/>
                <texcoord u="0.500000" v="0.500000"/>
            </vertex>
            <vertex>
                <position x="3.783585" y="1.849093" z="-2.036744"/>
                <normal x="-0.238690" y="0.941305" z="0.238690"/>
                <texcoord u="0.375000" v="0.500000"/>
            </vertex>
            <vertex>
                <position x="0.000000" y="0.500000" z="-0.500000"/>
                <normal x="-0.238690" y="0.941305" z="0.238690"/>
                <texcoord u="0.375000" v="0.625000"/>
            </vertex>
            <vertex>
                <position x="-0.001435" y="0.500648" z="0.500467"/>
                <normal x="-0.705410" y="0.093480" z="0.702608"/>
                <texcoord u="0.625000" v="0.625060"/>
            </vertex>
            <vertex>
                <position x="-0.353609" y="4.389333" z="-0.370487"/>
                <normal x="-0.705410" y="0.093480" z="0.702608"/>
                <texcoord u="0.500000" v="0.625000"/>
            </vertex>
            <vertex>
                <position x="-0.500000" y="0.500000" z="0.000000"/>
                <normal x="-0.705410" y="0.093480" z="0.702608"/>
                <texcoord u="0.500000" v="0.750000"/>
            </vertex>
            <vertex>
                <position x="-0.500000" y="-0.500000" z="0.000000"/>
                <normal x="0.477532" y="-0.737514" z="-0.477532"/>
                <texcoord u="0.500000" v="0.000000"/>
            </vertex>
            <vertex>
                <position x="0.000000" y="-0.500000" z="0.500000"/>
                <normal x="0.477532" y="-0.737514" z="-0.477532"/>
                <texcoord u="0.625000" v="0.125000"/>
            </vertex>
            <vertex>
                <position x="-2.092069" y="-2.586625" z="1.630571"/>
                <normal x="0.477532" y="-0.737514" z="-0.477532"/>
                <texcoord u="0.625000" v="0.000000"/>
            </vertex>
            <vertex>
                <position x="-0.548503" y="-0.545925" z="-0.033568"/>
                <normal x="0.438797" y="-0.784165" z="0.438797"/>
                <texcoord u="0.497989" v="0.000000"/>
            </vertex>
            <vertex>
                <position x="0.000000" y="-0.500000" z="-0.500000"/>
                <normal x="0.438797" y="-0.784165" z="0.438797"/>
                <texcoord u="0.375000" v="0.125000"/>
            </vertex>
            <vertex>
                <position x="-0.500000" y="-0.500000" z="0.000000"/>
                <normal x="0.438797" y="-0.784165" z="0.438797"/>
                <texcoord u="0.500000" v="0.000000"/>
            </vertex>
            <vertex>
                <position x="0.000000" y="-0.500000" z="0.500000"/>
                <normal x="-0.348049" y="-0.870473" z="-0.348049"/>
                <texcoord u="0.625000" v="0.125000"/>
            </vertex>
            <vertex>
                <position x="0.500000" y="-0.500000" z="0.000000"/>
                <normal x="-0.348049" y="-0.870473" z="-0.348049"/>
                <texcoord u="0.500000" v="0.250000"/>
            </vertex>
            <vertex>
                <position x="2.443033" y="-1.970554" z="1.734829"/>
                <normal x="-0.348049" y="-0.870473" z="-0.348049"/>
                <texcoord u="0.625000" v="0.250000"/>
            </vertex>
            <vertex>
                <position x="0.000000" y="-0.500000" z="-0.500000"/>
                <normal x="0.702865" y="-0.109367" z="-0.702865"/>
                <texcoord u="0.375000" v="0.125000"/>
            </vertex>
            <vertex>
                <position x="0.500000" y="-0.500000" z="0.000000"/>
                <normal x="0.702865" y="-0.109367" z="-0.702865"/>
                <texcoord u="0.500000" v="0.250000"/>
            </vertex>
            <vertex>
                <position x="-0.040957" y="-5.806956" z="0.284817"/>
                <normal x="0.702865" y="-0.109367" z="-0.702865"/>
                <texcoord u="0.500000" v="0.125000"/>
            </vertex>
            <vertex>
                <position x="-0.500000" y="0.500000" z="0.000000"/>
                <normal x="-0.146375" y="0.699491" z="-0.699491"/>
                <texcoord u="0.500000" v="0.750000"/>
            </vertex>
            <vertex>
                <position x="-0.500000" y="0.000000" z="-0.500000"/>
                <normal x="-0.146375" y="0.699491" z="-0.699491"/>
                <texcoord u="0.375000" v="0.875000"/>
            </vertex>
            <vertex>
                <position x="-4.780666" y="-0.042155" z="0.353612"/>
                <normal x="-0.146375" y="0.699491" z="-0.699491"/>
                <texcoord u="0.500000" v="0.875000"/>
            </vertex>
            <vertex>
                <position x="-0.500000" y="0.000000" z="0.500000"/>
                <normal x="-0.855332" y="0.366338" z="-0.366338"/>
                <texcoord u="0.625000" v="0.875000"/>
            </vertex>
            <vertex>
                <position x="-0.500000" y="-0.500000" z="0.000000"/>
                <normal x="-0.855332" y="0.366338" z="-0.366338"/>
                <texcoord u="0.500000" v="1.000000"/>
            </vertex>
            <vertex>
                <position x="-2.092069" y="-2.586625" z="1.630571"/>
                <normal x="-0.855332" y="0.366338" z="-0.366338"/>
                <texcoord u="0.625000" v="1.000000"/>
            </vertex>
            <vertex>
                <position x="-0.500000" y="0.500000" z="0.000000"/>
                <normal x="-0.627047" y="-0.550823" z="-0.550823"/>
                <texcoord u="0.500000" v="0.750000"/>
            </vertex>
            <vertex>
                <position x="-0.500000" y="0.000000" z="0.500000"/>
                <normal x="-0.627047" y="-0.550823" z="-0.550823"/>
                <texcoord u="0.625000" v="0.875000"/>
            </vertex>
            <vertex>
                <position x="-2.965997" y="1.840834" z="1.466415"/>
                <normal x="-0.627047" y="-0.550823" z="-0.550823"/>
                <texcoord u="0.625000" v="0.750000"/>
            </vertex>
            <vertex>
                <position x="-0.500000" y="0.000000" z="-0.500000"/>
                <normal x="-0.132853" y="-0.700839" z="-0.700839"/>
                <texcoord u="0.375000" v="0.875000"/>
            </vertex>
            <vertex>
                <position x="-0.500000" y="-0.500000" z="0.000000"/>
                <normal x="-0.132853" y="-0.700839" z="-0.700839"/>
                <texcoord u="0.500000" v="1.000000"/>
            </vertex>
            <vertex>
                <position x="-4.780666" y="-0.042155" z="0.353612"/>
                <normal x="-0.132853" y="-0.700839" z="-0.700839"/>
                <texcoord u="0.500000" v="0.875000"/>
            </vertex>
            <vertex>
                <position x="-0.500000" y="-0.500000" z="0.000000"/>
                <normal x="-0.757100" y="0.461952" z="0.461952"/>
                <texcoord u="0.500000" v="1.000000"/>
            </vertex>
            <vertex>
                <position x="-0.500000" y="0.000000" z="-0.500000"/>
                <normal x="-0.757100" y="0.461952" z="0.461952"/>
                <texcoord u="0.375000" v="0.875000"/>
            </vertex>
            <vertex>
                <position x="-0.548503" y="-0.545925" z="-0.033568"/>
                <normal x="-0.757100" y="0.461952" z="0.461952"/>
                <texcoord u="0.497989" v="1.000000"/>
            </vertex>
            <vertex>
                <position x="0.500000" y="0.000000" z="-0.500000"/>
                <normal x="-0.275707" y="-0.275707" z="-0.920854"/>
                <texcoord u="0.375000" v="0.375000"/>
            </vertex>
            <vertex>
                <position x="0.000000" y="0.500000" z="-0.500000"/>
                <normal x="-0.275707" y="-0.275707" z="-0.920854"/>
                <texcoord u="0.250000" v="0.500000"/>
            </vertex>
            <vertex>
                <position x="3.783585" y="1.849093" z="-2.036744"/>
                <normal x="-0.275707" y="-0.275707" z="-0.920854"/>
                <texcoord u="0.375000" v="0.500000"/>
            </vertex>
            <vertex>
                <position x="0.000000" y="-0.500000" z="-0.500000"/>
                <normal x="0.234933" y="0.234933" z="-0.943193"/>
                <texcoord u="0.250000" v="0.250000"/>
            </vertex>
            <vertex>
                <position x="-3.514872" y="-3.354604" z="-2.086528"/>
                <normal x="0.234933" y="0.234933" z="-0.943193"/>
                <texcoord u="0.125000" v="0.250000"/>
            </vertex>
            <vertex>
                <position x="-0.500000" y="0.000000" z="-0.500000"/>
                <normal x="0.234933" y="0.234933" z="-0.943193"/>
                <texcoord u="0.125000" v="0.375000"/>
            </vertex>
            <vertex>
                <position x="-0.500000" y="0.000000" z="-0.500000"/>
                <normal x="-0.697231" y="0.697231" z="-0.166547"/>
                <texcoord u="0.125000" v="0.375000"/>
            </vertex>
            <vertex>
                <position x="0.000000" y="0.500000" z="-0.500000"/>
                <normal x="-0.697231" y="0.697231" z="-0.166547"/>
                <texcoord u="0.250000" v="0.500000"/>
            </vertex>
            <vertex>
                <position x="0.341860" y="0.009282" z="-3.985494"/>
                <normal x="-0.697231" y="0.697231" z="-0.166547"/>
                <texcoord u="0.250000" v="0.375000"/>
            </vertex>
            <vertex>
                <position x="0.000000" y="-0.500000" z="-0.500000"/>
                <normal x="-0.389389" y="0.389389" z="-0.834717"/>
                <texcoord u="0.250000" v="0.250000"/>
            </vertex>
            <vertex>
                <position x="0.500000" y="0.000000" z="-0.500000"/>
                <normal x="-0.389389" y="0.389389" z="-0.834717"/>
                <texcoord u="0.375000" v="0.375000"/>
            </vertex>
            <vertex>
                <position x="1.805024" y="-2.901666" z="-2.462385"/>
                <normal x="-0.389389" y="0.389389" z="-0.834717"/>
                <texcoord u="0.375000" v="0.250000"/>
            </vertex>
            <vertex>
                <position x="0.500000" y="-0.500000" z="0.000000"/>
                <normal x="0.759211" y="0.460217" z="-0.460217"/>
                <texcoord u="0.500000" v="0.250000"/>
            </vertex>
            <vertex>
                <position x="0.500000" y="0.000000" z="0.500000"/>
                <normal x="0.759211" y="0.460217" z="-0.460217"/>
                <texcoord u="0.625000" v="0.375000"/>
            </vertex>
            <vertex>
                <position x="2.443033" y="-1.970554" z="1.734829"/>
                <normal x="0.759211" y="0.460217" z="-0.460217"/>
                <texcoord u="0.625000" v="0.250000"/>
            </vertex>
            <vertex>
                <position x="0.500000" y="0.000000" z="-0.500000"/>
                <normal x="0.177243" y="0.695911" z="-0.695911"/>
                <texcoord u="0.375000" v="0.375000"/>
            </vertex>
            <vertex>
                <position x="0.500000" y="0.500000" z="0.000000"/>
                <normal x="0.177243" y="0.695911" z="-0.695911"/>
                <texcoord u="0.500000" v="0.500000"/>
            </vertex>
            <vertex>
                <position x="3.938706" y="-0.425650" z="-0.049842"/>
                <normal x="0.177243" y="0.695911" z="-0.695911"/>
                <texcoord u="0.500000" v="0.375000"/>
            </vertex>
            <vertex>
                <position x="0.500000" y="0.000000" z="0.500000"/>
                <normal x="0.196674" y="0.693296" z="0.693296"/>
                <texcoord u="0.625000" v="0.375000"/>
            </vertex>
            <vertex>
                <position x="3.938706" y="-0.425650" z="-0.049842"/>
                <normal x="0.196674" y="0.693296" z="0.693296"/>
                <texcoord u="0.500000" v="0.375000"/>
            </vertex>
            <vertex>
                <position x="0.500000" y="0.500000" z="0.000000"/>
                <normal x="0.196674" y="0.693296" z="0.693296"/>
                <texcoord u="0.500000" v="0.500000"/>
            </vertex>
            <vertex>
                <position x="0.500000" y="-0.500000" z="0.000000"/>
                <normal x="0.934959" y="0.250849" z="0.250850"/>
                <texcoord u="0.500000" v="0.250000"/>
            </vertex>
            <vertex>
                <position x="1.805024" y="-2.901666" z="-2.462385"/>
                <normal x="0.934959" y="0.250849" z="0.250850"/>
                <texcoord u="0.375000" v="0.250000"/>
            </vertex>
            <vertex>
                <position x="0.500000" y="0.000000" z="-0.500000"/>
                <normal x="0.934959" y="0.250849" z="0.250850"/>
                <texcoord u="0.375000" v="0.375000"/>
            </vertex>
            <vertex>
                <position x="-0.001435" y="0.500648" z="0.500467"/>
                <normal x="-0.708577" y="0.705631" z="-0.001820"/>
                <texcoord u="0.750060" v="0.500000"/>
            </vertex>
            <vertex>
                <position x="-0.500000" y="0.000000" z="0.500000"/>
                <normal x="-0.708577" y="0.705631" z="-0.001820"/>
                <texcoord u="0.875000" v="0.375000"/>
            </vertex>
            <vertex>
                <position x="-0.750912" y="-0.242428" z="4.195975"/>
                <normal x="-0.708577" y="0.705631" z="-0.001820"/>
                <texcoord u="0.750000" v="0.375000"/>
            </vertex>
            <vertex>
                <position x="-0.001435" y="0.500648" z="0.500467"/>
                <normal x="0.395432" y="0.234699" z="0.888003"/>
                <texcoord u="0.625000" v="0.625060"/>
            </vertex>
            <vertex>
                <position x="0.000000" y="0.500000" z="0.500000"/>
                <normal x="0.395432" y="0.234699" z="0.888003"/>
                <texcoord u="0.625000" v="0.625000"/>
            </vertex>
            <vertex>
                <position x="-0.353609" y="4.389333" z="-0.370487"/>
                <normal x="0.395432" y="0.234699" z="0.888003"/>
                <texcoord u="0.500000" v="0.625000"/>
            </vertex>
            <vertex>
                <position x="-0.548503" y="-0.545925" z="-0.033568"/>
                <normal x="0.438797" y="-0.784165" z="0.438797"/>
                <texcoord u="0.497989" v="0.000000"/>
            </vertex>
            <vertex>
                <position x="-3.514872" y="-3.354604" z="-2.086528"/>
                <normal x="0.438797" y="-0.784165" z="0.438797"/>
                <texcoord u="0.375000" v="0.000000"/>
            </vertex>
            <vertex>
                <position x="0.000000" y="-0.500000" z="-0.500000"/>
                <normal x="0.438797" y="-0.784165" z="0.438797"/>
                <texcoord u="0.375000" v="0.125000"/>
            </vertex>

                </vertexbuffer>
            </geometry>
        </submesh>
    </submeshes>
    <submeshnames>
        <submeshname name="submesh0" index="0"/>
    </submeshnames>
</mesh>